date,news_sentiment_1d_raw,news_sentiment_chg_1d_raw,news_topic_intensity_MacroRF_raw,news_topic_intensity_MonetaryPolicyRF_raw,news_topic_intensity_GeopoliticsSanctions_raw,news_topic_intensity_OilGasEnergy_raw,news_topic_intensity_FiscalPolicyCorp_raw,news_topic_focus_shift_1d_raw,news_topic_entropy_1d_raw,_topic_vector_internal
2020-04-18,-0.10000,,0.20000,0.00000,0.20000,0.00000,0.40000,,1.50000,"[np.float64(0.2), np.float64(0.0), np.float64(0.2), np.float64(0.0), np.float64(0.4)]"
2020-04-19,-0.20000,-0.10000,0.40000,0.00000,0.20000,0.00000,0.20000,0.16667,1.50000,"[np.float64(0.4), np.float64(0.0), np.float64(0.2), np.float64(0.0), np.float64(0.2)]"
2020-04-20,-0.22000,-0.02000,0.09000,0.02000,0.06000,0.47000,0.22000,0.64599,1.71449,"[np.float64(0.09), np.float64(0.02), np.float64(0.06), np.float64(0.47), np.float64(0.22)]"
2020-04-21,-0.48000,-0.26000,0.35000,0.12000,0.25000,0.65000,0.38000,0.05678,2.13969,"[np.float64(0.35), np.float64(0.12), np.float64(0.25), np.float64(0.65), np.float64(0.38)]"
2020-04-22,-0.31000,0.17000,0.10000,0.07000,0.17000,0.45000,0.17000,0.03533,2.01228,"[np.float64(0.1), np.float64(0.07), np.float64(0.17), np.float64(0.45), np.float64(0.17)]"
2020-04-23,-0.03000,0.28000,0.35000,0.21000,0.16000,0.21000,0.29000,0.25676,2.26776,"[np.float64(0.35), np.float64(0.21), np.float64(0.16), np.float64(0.21), np.float64(0.29)]"
2020-04-24,-0.18000,-0.15000,0.42000,0.14000,0.31000,0.33000,0.25000,0.04558,2.24252,"[np.float64(0.42), np.float64(0.14), np.float64(0.31), np.float64(0.33), np.float64(0.25)]"
2020-04-25,-0.20000,-0.02000,0.33000,0.00000,0.00000,0.17000,0.17000,0.14666,1.50730,"[np.float64(0.33), np.float64(0.0), np.float64(0.0), np.float64(0.17), np.float64(0.17)]"
2020-04-26,-0.49000,-0.29000,0.63000,0.01000,0.13000,0.21000,0.13000,0.05567,1.70416,"[np.float64(0.63), np.float64(0.01), np.float64(0.13), np.float64(0.21), np.float64(0.13)]"
2020-04-27,-0.34000,0.15000,0.40000,0.04000,0.20000,0.40000,0.20000,0.11063,2.06201,"[np.float64(0.4), np.float64(0.04), np.float64(0.2), np.float64(0.4), np.float64(0.2)]"
2020-04-28,-0.21000,0.13000,0.35000,0.00000,0.10000,0.25000,0.10000,0.02415,1.79618,"[np.float64(0.35), np.float64(0.0), np.float64(0.1), np.float64(0.25), np.float64(0.1)]"
2020-04-29,-0.13000,0.08000,0.22000,0.02000,0.13000,0.24000,0.30000,0.13920,2.05220,"[np.float64(0.22), np.float64(0.02), np.float64(0.13), np.float64(0.24), np.float64(0.3)]"
2020-04-30,-0.18000,-0.05000,0.35000,0.08000,0.25000,0.32000,0.28000,0.03500,2.20135,"[np.float64(0.35), np.float64(0.08), np.float64(0.25), np.float64(0.32), np.float64(0.28)]"
2020-05-01,-0.15000,0.03000,0.30000,0.05000,0.10000,0.35000,0.20000,0.03840,2.06387,"[np.float64(0.3), np.float64(0.05), np.float64(0.1), np.float64(0.35), np.float64(0.2)]"
2020-05-02,-0.13000,0.02000,0.18000,0.00000,0.20000,0.50000,0.33000,0.06825,1.87626,"[np.float64(0.18), np.float64(0.0), np.float64(0.2), np.float64(0.5), np.float64(0.33)]"
2020-05-03,-0.05000,0.08000,0.10000,0.00000,0.30000,0.30000,0.10000,0.11134,1.81128,"[np.float64(0.1), np.float64(0.0), np.float64(0.3), np.float64(0.3), np.float64(0.1)]"
2020-05-04,0.20000,0.25000,0.00000,0.00000,0.50000,0.50000,0.00000,0.05132,1.00000,"[np.float64(0.0), np.float64(0.0), np.float64(0.5), np.float64(0.5), np.float64(0.0)]"
2020-05-05,0.07000,-0.13000,0.30000,0.00000,0.07000,0.25000,0.20000,0.49071,1.85276,"[np.float64(0.3), np.float64(0.0), np.float64(0.07), np.float64(0.25), np.float64(0.2)]"
2020-05-06,-0.08000,-0.15000,0.40000,0.10000,0.25000,0.30000,0.35000,0.04684,2.20839,"[np.float64(0.4), np.float64(0.1), np.float64(0.25), np.float64(0.3), np.float64(0.35)]"
2020-05-07,-0.05000,0.03000,0.20000,0.05000,0.10000,0.20000,0.10000,0.04013,2.16198,"[np.float64(0.2), np.float64(0.05), np.float64(0.1), np.float64(0.2), np.float64(0.1)]"
2020-05-08,-0.28000,-0.23000,0.35000,0.06000,0.24000,0.23000,0.22000,0.03462,2.17024,"[np.float64(0.35), np.float64(0.06), np.float64(0.24), np.float64(0.23), np.float64(0.22)]"
2020-05-09,0.03000,0.31000,0.33000,0.05000,0.25000,0.17000,0.10000,0.02708,2.08211,"[np.float64(0.33), np.float64(0.05), np.float64(0.25), np.float64(0.17), np.float64(0.1)]"
2020-05-10,-0.10000,-0.13000,0.20000,0.10000,0.20000,0.00000,0.10000,0.10198,1.91830,"[np.float64(0.2), np.float64(0.1), np.float64(0.2), np.float64(0.0), np.float64(0.1)]"
2020-05-11,0.07500,0.17500,0.27500,0.07500,0.20000,0.32500,0.32500,0.25965,2.18871,"[np.float64(0.275), np.float64(0.075), np.float64(0.2), np.float64(0.325), np.float64(0.325)]"
2020-05-12,-0.07400,-0.14900,0.25900,0.07400,0.33300,0.22200,0.29600,0.04486,2.19717,"[np.float64(0.259), np.float64(0.074), np.float64(0.333), np.float64(0.222), np.float64(0.296)]"
2020-05-13,-0.04200,0.03200,0.25900,0.03700,0.18500,0.18500,0.33300,0.03790,2.11044,"[np.float64(0.259), np.float64(0.037), np.float64(0.185), np.float64(0.185), np.float64(0.333)]"
2020-05-14,-0.13000,-0.08800,0.33000,0.09000,0.20000,0.23000,0.17000,0.07520,2.21202,"[np.float64(0.33), np.float64(0.09), np.float64(0.2), np.float64(0.23), np.float64(0.17)]"
2020-05-15,-0.15500,-0.02500,0.25000,0.05900,0.23500,0.16200,0.29400,0.06042,2.17652,"[np.float64(0.25), np.float64(0.059), np.float64(0.235), np.float64(0.162), np.float64(0.294)]"
2020-05-16,-0.20000,-0.04500,0.33000,0.00000,0.33000,0.00000,0.33000,0.07002,1.58496,"[np.float64(0.33), np.float64(0.0), np.float64(0.33), np.float64(0.0), np.float64(0.33)]"
2020-05-17,0.03300,0.23300,0.25000,0.05600,0.22200,0.08300,0.38900,0.04883,2.04283,"[np.float64(0.25), np.float64(0.056), np.float64(0.222), np.float64(0.083), np.float64(0.389)]"
2020-05-18,0.02500,-0.00800,0.35000,0.05000,0.25000,0.20000,0.15000,0.15522,2.12113,"[np.float64(0.35), np.float64(0.05), np.float64(0.25), np.float64(0.2), np.float64(0.15)]"
2020-05-19,-0.02500,-0.05000,0.27600,0.03400,0.20700,0.13800,0.34500,0.09718,2.07282,"[np.float64(0.276), np.float64(0.034), np.float64(0.207), np.float64(0.138), np.float64(0.345)]"
2020-05-20,-0.38000,-0.35500,0.43100,0.06600,0.26600,0.24300,0.20300,0.08369,2.13758,"[np.float64(0.431), np.float64(0.066), np.float64(0.266), np.float64(0.243), np.float64(0.203)]"
2020-05-21,-0.09200,0.28800,0.32400,0.06200,0.15300,0.12500,0.33600,0.07771,2.09359,"[np.float64(0.324), np.float64(0.062), np.float64(0.153), np.float64(0.125), np.float64(0.336)]"
2020-05-22,-0.18000,-0.08800,0.25000,0.10000,0.15000,0.20000,0.30000,0.02587,2.22821,"[np.float64(0.25), np.float64(0.1), np.float64(0.15), np.float64(0.2), np.float64(0.3)]"
2020-05-23,-0.06700,0.11300,0.46700,0.06700,0.20000,0.01700,0.46700,0.09731,1.80471,"[np.float64(0.467), np.float64(0.067), np.float64(0.2), np.float64(0.017), np.float64(0.467)]"
2020-05-24,0.05000,0.11700,0.25000,0.00000,0.00000,0.00000,0.75000,0.14823,0.81128,"[np.float64(0.25), np.float64(0.0), np.float64(0.0), np.float64(0.0), np.float64(0.75)]"
2020-05-25,-0.11700,-0.16700,0.33300,0.04200,0.08300,0.20800,0.33300,0.19486,2.01843,"[np.float64(0.333), np.float64(0.042), np.float64(0.083), np.float64(0.208), np.float64(0.333)]"
2020-05-26,-0.07400,0.04300,0.48100,0.05100,0.18100,0.21600,0.44400,0.00985,2.03841,"[np.float64(0.481), np.float64(0.051), np.float64(0.181), np.float64(0.216), np.float64(0.444)]"
2020-05-27,-0.09700,-0.02300,0.42600,0.05900,0.20600,0.20600,0.41200,0.00231,2.09318,"[np.float64(0.426), np.float64(0.059), np.float64(0.206), np.float64(0.206), np.float64(0.412)]"
2020-05-28,-0.08000,0.01700,0.23000,0.04000,0.19000,0.26000,0.31000,0.04062,2.13753,"[np.float64(0.23), np.float64(0.04), np.float64(0.19), np.float64(0.26), np.float64(0.31)]"
2020-05-29,0.08700,0.16700,0.35800,0.01300,0.17900,0.10300,0.34700,0.07713,1.92390,"[np.float64(0.358), np.float64(0.013), np.float64(0.179), np.float64(0.103), np.float64(0.347)]"
2020-05-30,0.08800,0.00100,0.22200,0.00000,0.33300,0.11100,0.33300,0.07410,1.89106,"[np.float64(0.222), np.float64(0.0), np.float64(0.333), np.float64(0.111), np.float64(0.333)]"
2020-05-31,-0.16700,-0.25500,0.16700,0.00000,0.16700,0.33300,0.00000,0.40344,1.50075,"[np.float64(0.167), np.float64(0.0), np.float64(0.167), np.float64(0.333), np.float64(0.0)]"
2020-06-01,-0.07300,0.09400,0.30300,0.09100,0.18200,0.21200,0.36400,0.33379,2.19122,"[np.float64(0.303), np.float64(0.091), np.float64(0.182), np.float64(0.212), np.float64(0.364)]"
2020-06-02,-0.06400,0.00900,0.35300,0.06100,0.24200,0.15200,0.33300,0.01818,2.12998,"[np.float64(0.353), np.float64(0.061), np.float64(0.242), np.float64(0.152), np.float64(0.333)]"
2020-06-03,-0.08700,-0.02300,0.24300,0.02700,0.21600,0.18900,0.32400,0.01877,2.09593,"[np.float64(0.243), np.float64(0.027), np.float64(0.216), np.float64(0.189), np.float64(0.324)]"
2020-06-04,-0.29200,-0.20500,0.36900,0.01900,0.09200,0.15300,0.19700,0.10381,1.93860,"[np.float64(0.369), np.float64(0.019), np.float64(0.092), np.float64(0.153), np.float64(0.197)]"
2020-06-05,-0.09200,0.20000,0.23100,0.05100,0.24600,0.20500,0.16400,0.11982,2.18596,"[np.float64(0.231), np.float64(0.051), np.float64(0.246), np.float64(0.205), np.float64(0.164)]"
2020-06-06,-0.15000,-0.05800,0.10000,0.00000,0.20000,0.40000,0.10000,0.15478,1.75000,"[np.float64(0.1), np.float64(0.0), np.float64(0.2), np.float64(0.4), np.float64(0.1)]"
2020-06-07,0.05000,0.20000,0.25000,0.00000,0.00000,0.60000,0.15000,0.10512,1.35272,"[np.float64(0.25), np.float64(0.0), np.float64(0.0), np.float64(0.6), np.float64(0.15)]"
2020-06-08,0.03000,-0.02000,0.30000,0.05000,0.25000,0.50000,0.30000,0.10512,2.09848,"[np.float64(0.3), np.float64(0.05), np.float64(0.25), np.float64(0.5), np.float64(0.3)]"
2020-06-09,-0.05000,-0.08000,0.25000,0.05000,0.15000,0.35000,0.20000,0.00506,2.12113,"[np.float64(0.25), np.float64(0.05), np.float64(0.15), np.float64(0.35), np.float64(0.2)]"
2020-06-10,-0.20000,-0.15000,0.28000,0.00000,0.10000,0.24000,0.36000,0.08186,1.88020,"[np.float64(0.28), np.float64(0.0), np.float64(0.1), np.float64(0.24), np.float64(0.36)]"
2020-06-11,-0.15000,0.05000,0.35000,0.15000,0.25000,0.15000,0.30000,0.10092,2.23993,"[np.float64(0.35), np.float64(0.15), np.float64(0.25), np.float64(0.15), np.float64(0.3)]"
2020-06-12,-0.10000,0.05000,0.00000,0.00000,0.00000,0.00000,0.40000,0.46967,0.00000,"[np.float64(0.0), np.float64(0.0), np.float64(0.0), np.float64(0.0), np.float64(0.4)]"
2020-06-13,0.12000,0.22000,0.29000,0.02000,0.16000,0.16000,0.55000,0.16914,1.89234,"[np.float64(0.29), np.float64(0.02), np.float64(0.16), np.float64(0.16), np.float64(0.55)]"
2020-06-14,-0.08000,-0.20000,0.17000,0.17000,0.17000,0.17000,0.33000,0.07986,2.25809,"[np.float64(0.17), np.float64(0.17), np.float64(0.17), np.float64(0.17), np.float64(0.33)]"
2020-06-15,-0.02000,0.06000,0.21000,0.12000,0.12000,0.25000,0.31000,0.02927,2.22302,"[np.float64(0.21), np.float64(0.12), np.float64(0.12), np.float64(0.25), np.float64(0.31)]"
2020-06-16,-0.22000,-0.20000,0.12000,0.01000,0.32000,0.46000,0.30000,0.12356,1.92456,"[np.float64(0.12), np.float64(0.01), np.float64(0.32), np.float64(0.46), np.float64(0.3)]"
2020-06-17,-0.15000,0.07000,0.25000,0.05000,0.45000,0.48000,0.35000,0.01815,2.09845,"[np.float64(0.25), np.float64(0.05), np.float64(0.45), np.float64(0.48), np.float64(0.35)]"
2020-06-18,-0.20000,-0.05000,0.15000,0.05000,0.25000,0.35000,0.20000,0.00845,2.12113,"[np.float64(0.15), np.float64(0.05), np.float64(0.25), np.float64(0.35), np.float64(0.2)]"
2020-06-19,-0.16000,0.04000,0.37000,0.10000,0.13000,0.08000,0.38000,0.29755,2.03456,"[np.float64(0.37), np.float64(0.1), np.float64(0.13), np.float64(0.08), np.float64(0.38)]"
2020-06-20,0.05000,0.21000,0.05000,0.00000,0.25000,0.50000,0.20000,0.50028,1.68048,"[np.float64(0.05), np.float64(0.0), np.float64(0.25), np.float64(0.5), np.float64(0.2)]"
2020-06-21,-0.10000,-0.15000,0.25000,0.00000,0.00000,0.25000,0.50000,0.34907,1.50000,"[np.float64(0.25), np.float64(0.0), np.float64(0.0), np.float64(0.25), np.float64(0.5)]"
2020-06-22,-0.10400,-0.00400,0.30400,0.01700,0.13900,0.30400,0.23500,0.13636,2.03167,"[np.float64(0.304), np.float64(0.017), np.float64(0.139), np.float64(0.304), np.float64(0.235)]"
2020-06-23,-0.07900,0.02500,0.45600,0.00000,0.22100,0.11200,0.51500,0.12923,1.79759,"[np.float64(0.456), np.float64(0.0), np.float64(0.221), np.float64(0.112), np.float64(0.515)]"
2020-06-24,-0.15000,-0.07100,0.12000,0.00000,0.22000,0.33000,0.11000,0.37167,1.85405,"[np.float64(0.12), np.float64(0.0), np.float64(0.22), np.float64(0.33), np.float64(0.11)]"
2020-06-25,-0.35200,-0.20200,0.23700,0.00000,0.08900,0.27000,0.42200,0.23730,1.83139,"[np.float64(0.237), np.float64(0.0), np.float64(0.089), np.float64(0.27), np.float64(0.422)]"
2020-06-26,-0.25700,0.09500,0.25000,0.00000,0.22200,0.33300,0.33300,0.04547,1.97788,"[np.float64(0.25), np.float64(0.0), np.float64(0.222), np.float64(0.333), np.float64(0.333)]"
2020-06-27,-0.08300,0.17400,0.25000,0.00000,0.08300,0.08300,0.58300,0.18755,1.55000,"[np.float64(0.25), np.float64(0.0), np.float64(0.083), np.float64(0.083), np.float64(0.583)]"
2020-06-28,-0.06700,0.01600,0.00000,0.00000,0.33300,0.66700,0.33300,0.47385,1.49962,"[np.float64(0.0), np.float64(0.0), np.float64(0.333), np.float64(0.667), np.float64(0.333)]"
2020-06-29,-0.12000,-0.05300,0.32000,0.08000,0.16000,0.20000,0.40000,0.32252,2.13974,"[np.float64(0.32), np.float64(0.08), np.float64(0.16), np.float64(0.2), np.float64(0.4)]"
2020-06-30,-0.11000,0.01000,0.24000,0.03000,0.21000,0.18000,0.18000,0.06677,2.14053,"[np.float64(0.24), np.float64(0.03), np.float64(0.21), np.float64(0.18), np.float64(0.18)]"
2020-07-01,-0.26000,-0.15000,0.34000,0.17000,0.42000,0.32000,0.44000,0.03004,2.25796,"[np.float64(0.34), np.float64(0.17), np.float64(0.42), np.float64(0.32), np.float64(0.44)]"
2020-07-02,-0.05000,0.21000,0.35000,0.15000,0.25000,0.30000,0.28000,0.02669,2.27305,"[np.float64(0.35), np.float64(0.15), np.float64(0.25), np.float64(0.3), np.float64(0.28)]"
2020-07-03,-0.21000,-0.16000,0.35000,0.12000,0.08000,0.12000,0.29000,0.07889,2.10116,"[np.float64(0.35), np.float64(0.12), np.float64(0.08), np.float64(0.12), np.float64(0.29)]"
2020-07-05,0.70000,0.91000,0.05000,0.00000,0.00000,0.00000,0.40000,0.32652,0.50326,"[np.float64(0.05), np.float64(0.0), np.float64(0.0), np.float64(0.0), np.float64(0.4)]"
2020-07-06,-0.15000,-0.85000,0.45000,0.15000,0.35000,0.45000,0.30000,0.55813,2.23526,"[np.float64(0.45), np.float64(0.15), np.float64(0.35), np.float64(0.45), np.float64(0.3)]"
2020-07-07,-0.20000,-0.05000,0.35000,0.00000,0.15000,0.25000,0.25000,0.04376,1.94065,"[np.float64(0.35), np.float64(0.0), np.float64(0.15), np.float64(0.25), np.float64(0.25)]"
2020-07-08,-0.17000,0.03000,0.31000,0.00000,0.16000,0.12000,0.15000,0.03351,1.89590,"[np.float64(0.31), np.float64(0.0), np.float64(0.16), np.float64(0.12), np.float64(0.15)]"
2020-07-09,-0.08000,0.09000,0.45000,0.03000,0.15000,0.13000,0.32000,0.02942,1.95306,"[np.float64(0.45), np.float64(0.03), np.float64(0.15), np.float64(0.13), np.float64(0.32)]"
2020-07-10,-0.09000,-0.01000,0.30000,0.04000,0.03000,0.19000,0.15000,0.06561,1.93460,"[np.float64(0.3), np.float64(0.04), np.float64(0.03), np.float64(0.19), np.float64(0.15)]"
2020-07-11,-0.24000,-0.15000,0.52000,0.00000,0.17000,0.08000,0.23000,0.09441,1.70434,"[np.float64(0.52), np.float64(0.0), np.float64(0.17), np.float64(0.08), np.float64(0.23)]"
2020-07-12,0.07000,0.31000,0.00000,0.00000,0.00000,0.50000,0.50000,0.63395,1.00000,"[np.float64(0.0), np.float64(0.0), np.float64(0.0), np.float64(0.5), np.float64(0.5)]"
2020-07-13,-0.08000,-0.15000,0.25000,0.10000,0.05000,0.10000,0.20000,0.40000,2.12095,"[np.float64(0.25), np.float64(0.1), np.float64(0.05), np.float64(0.1), np.float64(0.2)]"
2020-07-14,-0.14000,-0.06000,0.22000,0.04000,0.14000,0.25000,0.28000,0.09377,2.12934,"[np.float64(0.22), np.float64(0.04), np.float64(0.14), np.float64(0.25), np.float64(0.28)]"
2020-07-15,-0.05000,0.09000,0.35000,0.03000,0.21000,0.15000,0.26000,0.06425,2.07052,"[np.float64(0.35), np.float64(0.03), np.float64(0.21), np.float64(0.15), np.float64(0.26)]"
2020-07-16,-0.11000,-0.06000,0.21000,0.00000,0.25000,0.14000,0.14000,0.05366,1.95349,"[np.float64(0.21), np.float64(0.0), np.float64(0.25), np.float64(0.14), np.float64(0.14)]"
2020-07-17,-0.23000,-0.12000,0.27000,0.12000,0.08000,0.08000,0.15000,0.18548,2.15778,"[np.float64(0.27), np.float64(0.12), np.float64(0.08), np.float64(0.08), np.float64(0.15)]"
2020-07-18,-0.05000,0.18000,0.35000,0.00000,0.25000,0.00000,0.25000,0.12741,1.56565,"[np.float64(0.35), np.float64(0.0), np.float64(0.25), np.float64(0.0), np.float64(0.25)]"
2020-07-19,-0.40000,-0.35000,0.00000,0.00000,0.00000,0.00000,0.00000,0.00000,,"[np.float64(0.0), np.float64(0.0), np.float64(0.0), np.float64(0.0), np.float64(0.0)]"
2020-07-20,-0.20000,0.20000,0.25000,0.08000,0.30000,0.16000,0.22000,0.00000,2.20860,"[np.float64(0.25), np.float64(0.08), np.float64(0.3), np.float64(0.16), np.float64(0.22)]"
2020-07-21,-0.03000,0.17000,0.25000,0.05000,0.15000,0.13000,0.20000,0.03864,2.17189,"[np.float64(0.25), np.float64(0.05), np.float64(0.15), np.float64(0.13), np.float64(0.2)]"
2020-07-22,-0.08000,-0.05000,0.15000,0.08000,0.19000,0.19000,0.27000,0.06189,2.22754,"[np.float64(0.15), np.float64(0.08), np.float64(0.19), np.float64(0.19), np.float64(0.27)]"
2020-07-23,0.05000,0.13000,0.20000,0.01000,0.10000,0.13000,0.23000,0.05427,2.00929,"[np.float64(0.2), np.float64(0.01), np.float64(0.1), np.float64(0.13), np.float64(0.23)]"
2020-07-24,-0.07000,-0.12000,0.25000,0.23000,0.21000,0.14000,0.26000,0.12028,2.29212,"[np.float64(0.25), np.float64(0.23), np.float64(0.21), np.float64(0.14), np.float64(0.26)]"
2020-07-25,0.05000,0.12000,0.10000,0.00000,0.00000,0.00000,0.25000,0.32704,0.86312,"[np.float64(0.1), np.float64(0.0), np.float64(0.0), np.float64(0.0), np.float64(0.25)]"
2020-07-26,0.12000,0.07000,0.14000,0.00000,0.26000,0.22000,0.38000,0.23497,1.91342,"[np.float64(0.14), np.float64(0.0), np.float64(0.26), np.float64(0.22), np.float64(0.38)]"
2020-07-27,-0.23000,-0.35000,0.54000,0.06000,0.12000,0.14000,0.40000,0.21751,1.93384,"[np.float64(0.54), np.float64(0.06), np.float64(0.12), np.float64(0.14), np.float64(0.4)]"
2020-07-28,-0.11000,0.12000,0.17000,0.07000,0.17000,0.10000,0.38000,0.13345,2.07949,"[np.float64(0.17), np.float64(0.07), np.float64(0.17), np.float64(0.1), np.float64(0.38)]"
2020-07-29,-0.18000,-0.07000,0.26000,0.14000,0.15000,0.29000,0.19000,0.19117,2.26213,"[np.float64(0.26), np.float64(0.14), np.float64(0.15), np.float64(0.29), np.float64(0.19)]"
2020-07-30,-0.31000,-0.13000,0.31000,0.10000,0.35000,0.24000,0.26000,0.06697,2.22669,"[np.float64(0.31), np.float64(0.1), np.float64(0.35), np.float64(0.24), np.float64(0.26)]"
2020-07-31,-0.15000,0.16000,0.15000,0.06000,0.19000,0.16000,0.19000,0.01228,2.23503,"[np.float64(0.15), np.float64(0.06), np.float64(0.19), np.float64(0.16), np.float64(0.19)]"
2020-08-01,-0.15000,0.00000,0.39000,0.00000,0.06000,0.22000,0.33000,0.14791,1.78173,"[np.float64(0.39), np.float64(0.0), np.float64(0.06), np.float64(0.22), np.float64(0.33)]"
2020-08-02,0.01000,0.16000,0.29000,0.00000,0.14000,0.29000,0.29000,0.03677,1.94586,"[np.float64(0.29), np.float64(0.0), np.float64(0.14), np.float64(0.29), np.float64(0.29)]"
2020-08-03,-0.11000,-0.12000,0.21000,0.04000,0.14000,0.18000,0.29000,0.02488,2.12997,"[np.float64(0.21), np.float64(0.04), np.float64(0.14), np.float64(0.18), np.float64(0.29)]"
2020-08-04,-0.11000,0.00000,0.25000,0.00000,0.25000,0.25000,0.28000,0.02804,1.99820,"[np.float64(0.25), np.float64(0.0), np.float64(0.25), np.float64(0.25), np.float64(0.28)]"
2020-08-05,-0.23000,-0.12000,0.32000,0.11000,0.23000,0.29000,0.35000,0.02331,2.23389,"[np.float64(0.32), np.float64(0.11), np.float64(0.23), np.float64(0.29), np.float64(0.35)]"
2020-08-06,-0.15000,0.08000,0.20000,0.10000,0.35000,0.00000,0.25000,0.18033,1.87764,"[np.float64(0.2), np.float64(0.1), np.float64(0.35), np.float64(0.0), np.float64(0.25)]"
2020-08-07,-0.12000,0.03000,0.23000,0.11000,0.18000,0.05000,0.26000,0.06754,2.14642,"[np.float64(0.23), np.float64(0.11), np.float64(0.18), np.float64(0.05), np.float64(0.26)]"
2020-08-08,-0.03000,0.09000,0.10000,0.00000,0.45000,0.15000,0.00000,0.43800,1.28705,"[np.float64(0.1), np.float64(0.0), np.float64(0.45), np.float64(0.15), np.float64(0.0)]"
2020-08-09,0.20000,0.23000,0.10000,0.00000,0.60000,0.00000,0.00000,0.05044,0.59167,"[np.float64(0.1), np.float64(0.0), np.float64(0.6), np.float64(0.0), np.float64(0.0)]"
2020-08-10,-0.06000,-0.26000,0.24000,0.13000,0.14000,0.03000,0.30000,0.58720,2.06602,"[np.float64(0.24), np.float64(0.13), np.float64(0.14), np.float64(0.03), np.float64(0.3)]"
2020-08-11,0.03000,0.09000,0.21000,0.07000,0.31000,0.21000,0.23000,0.15798,2.20348,"[np.float64(0.21), np.float64(0.07), np.float64(0.31), np.float64(0.21), np.float64(0.23)]"
2020-08-12,-0.08000,-0.11000,0.21000,0.02000,0.18000,0.12000,0.29000,0.06245,2.05026,"[np.float64(0.21), np.float64(0.02), np.float64(0.18), np.float64(0.12), np.float64(0.29)]"
2020-08-13,-0.03000,0.05000,0.24000,0.01000,0.10000,0.07000,0.25000,0.02882,1.90182,"[np.float64(0.24), np.float64(0.01), np.float64(0.1), np.float64(0.07), np.float64(0.25)]"
2020-08-14,-0.09000,-0.06000,0.31000,0.09000,0.21000,0.13000,0.33000,0.02356,2.17213,"[np.float64(0.31), np.float64(0.09), np.float64(0.21), np.float64(0.13), np.float64(0.33)]"
2020-08-15,0.00000,0.09000,0.00000,0.00000,0.33000,0.33000,0.00000,0.54079,1.00000,"[np.float64(0.0), np.float64(0.0), np.float64(0.33), np.float64(0.33), np.float64(0.0)]"
2020-08-16,0.33000,0.33000,0.07000,0.00000,0.17000,0.27000,0.50000,0.47906,1.71056,"[np.float64(0.07), np.float64(0.0), np.float64(0.17), np.float64(0.27), np.float64(0.5)]"
2020-08-17,0.02000,-0.31000,0.25000,0.04000,0.17000,0.13000,0.21000,0.20427,2.14783,"[np.float64(0.25), np.float64(0.04), np.float64(0.17), np.float64(0.13), np.float64(0.21)]"
2020-08-18,0.11000,0.09000,0.15000,0.04000,0.11000,0.18000,0.13000,0.05445,2.19596,"[np.float64(0.15), np.float64(0.04), np.float64(0.11), np.float64(0.18), np.float64(0.13)]"
2020-08-19,-0.15000,-0.26000,0.13000,0.17000,0.20000,0.23000,0.30000,0.07963,2.26631,"[np.float64(0.13), np.float64(0.17), np.float64(0.2), np.float64(0.23), np.float64(0.3)]"
2020-08-20,-0.09000,0.06000,0.21000,0.04000,0.25000,0.23000,0.28000,0.05571,2.15343,"[np.float64(0.21), np.float64(0.04), np.float64(0.25), np.float64(0.23), np.float64(0.28)]"
2020-08-21,-0.11000,-0.02000,0.19000,0.04000,0.21000,0.17000,0.19000,0.00643,2.18259,"[np.float64(0.19), np.float64(0.04), np.float64(0.21), np.float64(0.17), np.float64(0.19)]"
2020-08-22,0.03000,0.14000,0.29000,0.00000,0.09000,0.14000,0.49000,0.16009,1.72916,"[np.float64(0.29), np.float64(0.0), np.float64(0.09), np.float64(0.14), np.float64(0.49)]"
2020-08-23,0.00000,-0.03000,0.00000,0.00000,0.00000,0.00000,0.00000,0.00000,,"[np.float64(0.0), np.float64(0.0), np.float64(0.0), np.float64(0.0), np.float64(0.0)]"
2020-08-24,-0.08000,-0.08000,0.12000,0.08000,0.17000,0.12000,0.29000,0.00000,2.17761,"[np.float64(0.12), np.float64(0.08), np.float64(0.17), np.float64(0.12), np.float64(0.29)]"
2020-08-25,-0.03000,0.05000,0.25000,0.13000,0.25000,0.16000,0.56000,0.00943,2.11748,"[np.float64(0.25), np.float64(0.13), np.float64(0.25), np.float64(0.16), np.float64(0.56)]"
2020-08-26,-0.12000,-0.09000,0.21000,0.13000,0.33000,0.31000,0.42000,0.05342,2.22309,"[np.float64(0.21), np.float64(0.13), np.float64(0.33), np.float64(0.31), np.float64(0.42)]"
2020-08-27,-0.08000,0.04000,0.12000,0.04000,0.16000,0.16000,0.28000,0.01339,2.12128,"[np.float64(0.12), np.float64(0.04), np.float64(0.16), np.float64(0.16), np.float64(0.28)]"
2020-08-28,-0.21000,-0.13000,0.47000,0.09000,0.20000,0.06000,0.37000,0.15963,1.98479,"[np.float64(0.47), np.float64(0.09), np.float64(0.2), np.float64(0.06), np.float64(0.37)]"
2020-08-29,-0.15000,0.06000,0.00000,0.00000,0.00000,0.00000,0.50000,0.42180,0.00000,"[np.float64(0.0), np.float64(0.0), np.float64(0.0), np.float64(0.0), np.float64(0.5)]"
2020-08-30,-0.33000,-0.18000,0.33000,0.00000,0.00000,0.00000,0.33000,0.29289,1.00000,"[np.float64(0.33), np.float64(0.0), np.float64(0.0), np.float64(0.0), np.float64(0.33)]"
2020-08-31,-0.41000,-0.08000,0.19000,0.04000,0.15000,0.15000,0.31000,0.16387,2.11259,"[np.float64(0.19), np.float64(0.04), np.float64(0.15), np.float64(0.15), np.float64(0.31)]"
2020-09-01,-0.15000,0.26000,0.35000,0.03000,0.23000,0.15000,0.25000,0.06453,2.07384,"[np.float64(0.35), np.float64(0.03), np.float64(0.23), np.float64(0.15), np.float64(0.25)]"
2020-09-02,-0.18000,-0.03000,0.21000,0.04000,0.19000,0.19000,0.18000,0.03166,2.18283,"[np.float64(0.21), np.float64(0.04), np.float64(0.19), np.float64(0.19), np.float64(0.18)]"
2020-09-03,0.02100,0.20100,0.38800,0.13200,0.22400,0.19100,0.45600,0.06061,2.18126,"[np.float64(0.388), np.float64(0.132), np.float64(0.224), np.float64(0.191), np.float64(0.456)]"
2020-09-04,-0.08100,-0.10200,0.38500,0.11200,0.22100,0.15700,0.33300,0.01017,2.18725,"[np.float64(0.385), np.float64(0.112), np.float64(0.221), np.float64(0.157), np.float64(0.333)]"
2020-09-05,0.10000,0.18100,0.20000,0.00000,0.60000,0.00000,0.20000,0.29125,1.37095,"[np.float64(0.2), np.float64(0.0), np.float64(0.6), np.float64(0.0), np.float64(0.2)]"
2020-09-06,-0.20000,-0.30000,0.25000,0.00000,0.25000,0.13300,0.11700,0.14833,1.91731,"[np.float64(0.25), np.float64(0.0), np.float64(0.25), np.float64(0.133), np.float64(0.117)]"
2020-09-07,-0.12900,0.07100,0.35500,0.03200,0.25800,0.14500,0.20300,0.01868,2.06895,"[np.float64(0.355), np.float64(0.032), np.float64(0.258), np.float64(0.145), np.float64(0.203)]"
2020-09-08,-0.08300,0.04600,0.15000,0.03300,0.23300,0.16700,0.13300,0.06803,2.14502,"[np.float64(0.15), np.float64(0.033), np.float64(0.233), np.float64(0.167), np.float64(0.133)]"
2020-09-09,-0.09400,-0.01100,0.15900,0.03200,0.06500,0.11200,0.20600,0.16149,2.09166,"[np.float64(0.159), np.float64(0.032), np.float64(0.065), np.float64(0.112), np.float64(0.206)]"
2020-09-10,-0.09300,0.00100,0.32300,0.06700,0.22300,0.06700,0.15000,0.15527,2.07153,"[np.float64(0.323), np.float64(0.067), np.float64(0.223), np.float64(0.067), np.float64(0.15)]"
2020-09-11,-0.11200,-0.01900,0.25000,0.00000,0.11500,0.11500,0.23100,0.08457,1.90737,"[np.float64(0.25), np.float64(0.0), np.float64(0.115), np.float64(0.115), np.float64(0.231)]"
2020-09-12,-0.29000,-0.17800,0.16000,0.00000,0.21000,0.09000,0.10000,0.12686,1.91473,"[np.float64(0.16), np.float64(0.0), np.float64(0.21), np.float64(0.09), np.float64(0.1)]"
2020-09-13,-0.08500,0.20500,0.14300,0.00000,0.28600,0.14300,0.14300,0.01781,1.92193,"[np.float64(0.143), np.float64(0.0), np.float64(0.286), np.float64(0.143), np.float64(0.143)]"
2020-09-14,-0.08000,0.00500,0.18200,0.00000,0.22700,0.13600,0.18200,0.02323,1.97712,"[np.float64(0.182), np.float64(0.0), np.float64(0.227), np.float64(0.136), np.float64(0.182)]"
2020-09-15,-0.15500,-0.07500,0.24200,0.06100,0.15200,0.15200,0.36400,0.08692,2.11864,"[np.float64(0.242), np.float64(0.061), np.float64(0.152), np.float64(0.152), np.float64(0.364)]"
2020-09-16,-0.15600,-0.00100,0.31200,0.00000,0.25000,0.21900,0.40600,0.01700,1.95927,"[np.float64(0.312), np.float64(0.0), np.float64(0.25), np.float64(0.219), np.float64(0.406)]"
2020-09-17,-0.11000,0.04600,0.24200,0.03000,0.18200,0.18200,0.36400,0.00498,2.07254,"[np.float64(0.242), np.float64(0.03), np.float64(0.182), np.float64(0.182), np.float64(0.364)]"
2020-09-18,-0.12900,-0.01900,0.33200,0.11300,0.08400,0.05200,0.33500,0.08382,1.98488,"[np.float64(0.332), np.float64(0.113), np.float64(0.084), np.float64(0.052), np.float64(0.335)]"
2020-09-19,-0.07500,0.05400,0.37500,0.12500,0.37500,0.12500,0.25000,0.14095,2.17095,"[np.float64(0.375), np.float64(0.125), np.float64(0.375), np.float64(0.125), np.float64(0.25)]"
2020-09-20,0.50000,0.57500,0.00000,0.00000,0.00000,0.00000,0.00000,0.00000,,"[np.float64(0.0), np.float64(0.0), np.float64(0.0), np.float64(0.0), np.float64(0.0)]"
2020-09-21,-0.09000,-0.59000,0.15000,0.07000,0.11000,0.11000,0.34000,0.00000,2.08879,"[np.float64(0.15), np.float64(0.07), np.float64(0.11), np.float64(0.11), np.float64(0.34)]"
2020-09-22,0.04000,0.13000,0.17000,0.21000,0.14000,0.10000,0.30000,0.06047,2.22514,"[np.float64(0.17), np.float64(0.21), np.float64(0.14), np.float64(0.1), np.float64(0.3)]"
2020-09-23,-0.03000,-0.07000,0.15000,0.05000,0.12000,0.08000,0.32000,0.07190,2.04170,"[np.float64(0.15), np.float64(0.05), np.float64(0.12), np.float64(0.08), np.float64(0.32)]"
2020-09-24,-0.10000,-0.07000,0.20000,0.05000,0.09000,0.08000,0.53000,0.02001,1.78925,"[np.float64(0.2), np.float64(0.05), np.float64(0.09), np.float64(0.08), np.float64(0.53)]"
2020-09-25,-0.25000,-0.15000,0.45000,0.15000,0.35000,0.20000,0.40000,0.16999,2.21434,"[np.float64(0.45), np.float64(0.15), np.float64(0.35), np.float64(0.2), np.float64(0.4)]"
2020-09-26,0.30000,0.55000,0.10000,0.00000,0.00000,0.50000,0.40000,0.36396,1.36096,"[np.float64(0.1), np.float64(0.0), np.float64(0.0), np.float64(0.5), np.float64(0.4)]"
2020-09-27,0.15000,-0.15000,0.05000,0.00000,0.05000,0.05000,0.40000,0.28366,1.27761,"[np.float64(0.05), np.float64(0.0), np.float64(0.05), np.float64(0.05), np.float64(0.4)]"
2020-09-28,-0.13000,-0.28000,0.32000,0.15000,0.25000,0.21000,0.35000,0.26490,2.26201,"[np.float64(0.32), np.float64(0.15), np.float64(0.25), np.float64(0.21), np.float64(0.35)]"
2020-09-29,-0.08000,0.05000,0.21000,0.12000,0.17000,0.17000,0.25000,0.00272,2.28086,"[np.float64(0.21), np.float64(0.12), np.float64(0.17), np.float64(0.17), np.float64(0.25)]"
2020-09-30,-0.36000,-0.28000,0.23000,0.13000,0.23000,0.07000,0.42000,0.05680,2.10379,"[np.float64(0.23), np.float64(0.13), np.float64(0.23), np.float64(0.07), np.float64(0.42)]"
2020-10-01,-0.28000,0.08000,0.35000,0.15000,0.28000,0.18000,0.38000,0.03497,2.23613,"[np.float64(0.35), np.float64(0.15), np.float64(0.28), np.float64(0.18), np.float64(0.38)]"
2020-10-02,-0.12000,0.16000,0.15000,0.04000,0.12000,0.19000,0.27000,0.05787,2.12762,"[np.float64(0.15), np.float64(0.04), np.float64(0.12), np.float64(0.19), np.float64(0.27)]"
2020-10-03,0.05000,0.17000,0.07500,0.02500,0.00000,0.00000,0.20000,0.19789,1.18872,"[np.float64(0.075), np.float64(0.025), np.float64(0.0), np.float64(0.0), np.float64(0.2)]"
2020-10-04,-0.05000,-0.10000,0.10000,0.05000,0.15000,0.00000,0.10000,0.36980,1.90564,"[np.float64(0.1), np.float64(0.05), np.float64(0.15), np.float64(0.0), np.float64(0.1)]"
2020-10-05,-0.05000,0.00000,0.20000,0.05000,0.10000,0.15000,0.25000,0.20545,2.14926,"[np.float64(0.2), np.float64(0.05), np.float64(0.1), np.float64(0.15), np.float64(0.25)]"
2020-10-06,-0.23000,-0.18000,0.29000,0.07000,0.35000,0.07000,0.22000,0.15101,2.06569,"[np.float64(0.29), np.float64(0.07), np.float64(0.35), np.float64(0.07), np.float64(0.22)]"
2020-10-07,-0.21000,0.02000,0.25000,0.03000,0.45000,0.35000,0.30000,0.09362,2.07435,"[np.float64(0.25), np.float64(0.03), np.float64(0.45), np.float64(0.35), np.float64(0.3)]"
2020-10-08,-0.15000,0.06000,0.15000,0.05000,0.25000,0.25000,0.20000,0.00826,2.17136,"[np.float64(0.15), np.float64(0.05), np.float64(0.25), np.float64(0.25), np.float64(0.2)]"
2020-10-09,-0.18000,-0.03000,0.45000,0.00000,0.17000,0.12000,0.21000,0.22452,1.81324,"[np.float64(0.45), np.float64(0.0), np.float64(0.17), np.float64(0.12), np.float64(0.21)]"
2020-10-10,0.05000,0.23000,0.10000,0.00000,0.00000,0.00000,0.10000,0.13323,1.00000,"[np.float64(0.1), np.float64(0.0), np.float64(0.0), np.float64(0.0), np.float64(0.1)]"
2020-10-11,-0.10000,-0.15000,0.25000,0.00000,0.00000,0.25000,0.50000,0.13397,1.50000,"[np.float64(0.25), np.float64(0.0), np.float64(0.0), np.float64(0.25), np.float64(0.5)]"
2020-10-12,-0.12000,-0.02000,0.27100,0.05000,0.09600,0.12100,0.29200,0.07378,2.06658,"[np.float64(0.271), np.float64(0.05), np.float64(0.096), np.float64(0.121), np.float64(0.292)]"
2020-10-13,-0.07600,0.04400,0.16700,0.04200,0.20800,0.12500,0.20800,0.08320,2.17253,"[np.float64(0.167), np.float64(0.042), np.float64(0.208), np.float64(0.125), np.float64(0.208)]"
2020-10-14,-0.08000,-0.00400,0.05000,0.05000,0.15000,0.15000,0.25000,0.07696,2.07587,"[np.float64(0.05), np.float64(0.05), np.float64(0.15), np.float64(0.15), np.float64(0.25)]"
2020-10-15,-0.39400,-0.31400,0.46000,0.00000,0.12000,0.07100,0.23100,0.38839,1.68017,"[np.float64(0.46), np.float64(0.0), np.float64(0.12), np.float64(0.071), np.float64(0.231)]"
2020-10-16,-0.27000,0.12400,0.25000,0.15000,0.18000,0.12000,0.30000,0.14627,2.24401,"[np.float64(0.25), np.float64(0.15), np.float64(0.18), np.float64(0.12), np.float64(0.3)]"
2020-10-17,-0.14300,0.12700,0.00000,0.00000,0.28600,0.14300,0.00000,0.54420,0.91830,"[np.float64(0.0), np.float64(0.0), np.float64(0.286), np.float64(0.143), np.float64(0.0)]"
2020-10-18,-0.18000,-0.03700,0.80000,0.00000,0.20000,0.00000,0.20000,0.78918,1.25163,"[np.float64(0.8), np.float64(0.0), np.float64(0.2), np.float64(0.0), np.float64(0.2)]"
2020-10-19,-0.17000,0.01000,0.54200,0.00000,0.12500,0.16700,0.29200,0.06268,1.77309,"[np.float64(0.542), np.float64(0.0), np.float64(0.125), np.float64(0.167), np.float64(0.292)]"
2020-10-20,-0.08000,0.09000,0.23300,0.03300,0.20000,0.13300,0.26700,0.09904,2.11602,"[np.float64(0.233), np.float64(0.033), np.float64(0.2), np.float64(0.133), np.float64(0.267)]"
2020-10-21,-0.28000,-0.20000,0.30000,0.06100,0.09600,0.09300,0.32900,0.04961,2.01886,"[np.float64(0.3), np.float64(0.061), np.float64(0.096), np.float64(0.093), np.float64(0.329)]"
2020-10-22,-0.15000,0.13000,0.44400,0.02900,0.21200,0.20600,0.35300,0.03193,2.03723,"[np.float64(0.444), np.float64(0.029), np.float64(0.212), np.float64(0.206), np.float64(0.353)]"
2020-10-23,-0.12000,0.03000,0.32000,0.12000,0.10000,0.10000,0.16000,0.05499,2.15370,"[np.float64(0.32), np.float64(0.12), np.float64(0.1), np.float64(0.1), np.float64(0.16)]"
2020-10-24,-0.20000,-0.08000,0.00000,0.00000,0.43000,0.30000,0.17000,0.54889,1.49160,"[np.float64(0.0), np.float64(0.0), np.float64(0.43), np.float64(0.3), np.float64(0.17)]"
2020-10-25,-0.07000,0.13000,0.20000,0.25000,0.00000,0.00000,0.45000,0.74869,1.49554,"[np.float64(0.2), np.float64(0.25), np.float64(0.0), np.float64(0.0), np.float64(0.45)]"
2020-10-26,-0.05000,0.02000,0.25000,0.15000,0.20000,0.15000,0.25000,0.20974,2.28548,"[np.float64(0.25), np.float64(0.15), np.float64(0.2), np.float64(0.15), np.float64(0.25)]"
2020-10-27,-0.13000,-0.08000,0.24000,0.06000,0.06000,0.08000,0.15000,0.06968,2.09176,"[np.float64(0.24), np.float64(0.06), np.float64(0.06), np.float64(0.08), np.float64(0.15)]"
2020-10-28,-0.25000,-0.12000,0.45000,0.15000,0.18000,0.12000,0.30000,0.00935,2.14838,"[np.float64(0.45), np.float64(0.15), np.float64(0.18), np.float64(0.12), np.float64(0.3)]"
2020-10-29,-0.18000,0.07000,0.18000,0.15000,0.09000,0.15000,0.21000,0.07315,2.27215,"[np.float64(0.18), np.float64(0.15), np.float64(0.09), np.float64(0.15), np.float64(0.21)]"
2020-10-30,-0.20000,-0.02000,0.38000,0.03000,0.09000,0.07000,0.20000,0.16724,1.86684,"[np.float64(0.38), np.float64(0.03), np.float64(0.09), np.float64(0.07), np.float64(0.2)]"
2020-10-31,0.20000,0.40000,0.10000,0.00000,0.00000,0.00000,0.10000,0.07902,1.00000,"[np.float64(0.1), np.float64(0.0), np.float64(0.0), np.float64(0.0), np.float64(0.1)]"
2020-11-01,0.10000,-0.10000,0.25000,0.00000,0.00000,0.25000,0.50000,0.13397,1.50000,"[np.float64(0.25), np.float64(0.0), np.float64(0.0), np.float64(0.25), np.float64(0.5)]"
2020-11-02,-0.20000,-0.30000,0.38000,0.10000,0.03000,0.12000,0.37000,0.08576,1.91221,"[np.float64(0.38), np.float64(0.1), np.float64(0.03), np.float64(0.12), np.float64(0.37)]"
2020-11-03,-0.11000,0.09000,0.41000,0.03000,0.21000,0.21000,0.35000,0.06271,2.05591,"[np.float64(0.41), np.float64(0.03), np.float64(0.21), np.float64(0.21), np.float64(0.35)]"
2020-11-04,-0.10000,0.01000,0.40000,0.17000,0.00000,0.00000,0.33000,0.15365,1.50486,"[np.float64(0.4), np.float64(0.17), np.float64(0.0), np.float64(0.0), np.float64(0.33)]"
2020-11-05,-0.06000,0.04000,0.37000,0.04000,0.15000,0.15000,0.22000,0.13468,2.06535,"[np.float64(0.37), np.float64(0.04), np.float64(0.15), np.float64(0.15), np.float64(0.22)]"
2020-11-06,-0.08000,-0.02000,0.33000,0.00000,0.13000,0.13000,0.41000,0.06394,1.82050,"[np.float64(0.33), np.float64(0.0), np.float64(0.13), np.float64(0.13), np.float64(0.41)]"
2020-11-07,-0.10000,-0.02000,0.17000,0.17000,0.17000,0.33000,0.00000,0.50884,1.92892,"[np.float64(0.17), np.float64(0.17), np.float64(0.17), np.float64(0.33), np.float64(0.0)]"
2020-11-08,-0.50000,-0.40000,0.10000,0.20000,0.20000,0.70000,0.60000,0.26305,1.99430,"[np.float64(0.1), np.float64(0.2), np.float64(0.2), np.float64(0.7), np.float64(0.6)]"
2020-11-09,-0.12000,0.38000,0.33000,0.25000,0.29000,0.33000,0.38000,0.13241,2.30803,"[np.float64(0.33), np.float64(0.25), np.float64(0.29), np.float64(0.33), np.float64(0.38)]"
2020-11-10,-0.20000,-0.08000,0.25000,0.15000,0.25000,0.35000,0.40000,0.01656,2.24930,"[np.float64(0.25), np.float64(0.15), np.float64(0.25), np.float64(0.35), np.float64(0.4)]"
2020-11-11,-0.02000,0.18000,0.38000,0.24000,0.21000,0.17000,0.17000,0.13968,2.24923,"[np.float64(0.38), np.float64(0.24), np.float64(0.21), np.float64(0.17), np.float64(0.17)]"
2020-11-12,-0.15000,-0.13000,0.35000,0.10000,0.45000,0.25000,0.50000,0.14561,2.16531,"[np.float64(0.35), np.float64(0.1), np.float64(0.45), np.float64(0.25), np.float64(0.5)]"
2020-11-13,-0.10000,0.05000,0.15000,0.05000,0.25000,0.30000,0.25000,0.06141,2.14773,"[np.float64(0.15), np.float64(0.05), np.float64(0.25), np.float64(0.3), np.float64(0.25)]"
2020-11-14,-0.03000,0.07000,0.44000,0.18000,0.15000,0.08000,0.28000,0.26988,2.10794,"[np.float64(0.44), np.float64(0.18), np.float64(0.15), np.float64(0.08), np.float64(0.28)]"
2020-11-15,0.03000,0.06000,0.14000,0.14000,0.29000,0.00000,0.43000,0.21780,1.83569,"[np.float64(0.14), np.float64(0.14), np.float64(0.29), np.float64(0.0), np.float64(0.43)]"
2020-11-16,-0.10000,-0.13000,0.40000,0.05000,0.10000,0.15000,0.20000,0.33859,2.01688,"[np.float64(0.4), np.float64(0.05), np.float64(0.1), np.float64(0.15), np.float64(0.2)]"
2020-11-17,0.05000,0.15000,0.19000,0.00000,0.08000,0.04000,0.34000,0.18441,1.62722,"[np.float64(0.19), np.float64(0.0), np.float64(0.08), np.float64(0.04), np.float64(0.34)]"
2020-11-18,-0.15000,-0.20000,0.35000,0.15000,0.25000,0.15000,0.30000,0.13962,2.23993,"[np.float64(0.35), np.float64(0.15), np.float64(0.25), np.float64(0.15), np.float64(0.3)]"
2020-11-19,-0.05000,0.10000,0.25000,0.15000,0.10000,0.15000,0.40000,0.06877,2.14854,"[np.float64(0.25), np.float64(0.15), np.float64(0.1), np.float64(0.15), np.float64(0.4)]"
2020-11-20,-0.07000,-0.02000,0.26000,0.05000,0.22000,0.09000,0.22000,0.11058,2.12368,"[np.float64(0.26), np.float64(0.05), np.float64(0.22), np.float64(0.09), np.float64(0.22)]"
2020-11-21,-0.08000,-0.01000,0.20000,0.10000,0.40000,0.10000,0.20000,0.07176,2.12193,"[np.float64(0.2), np.float64(0.1), np.float64(0.4), np.float64(0.1), np.float64(0.2)]"
2020-11-22,0.20000,0.28000,0.20000,0.00000,0.00000,0.20000,0.00000,0.58397,1.00000,"[np.float64(0.2), np.float64(0.0), np.float64(0.0), np.float64(0.2), np.float64(0.0)]"
2020-11-23,-0.15000,-0.35000,0.57000,0.06000,0.12000,0.09000,0.22000,0.26154,1.84452,"[np.float64(0.57), np.float64(0.06), np.float64(0.12), np.float64(0.09), np.float64(0.22)]"
2020-11-24,0.08000,0.23000,0.25000,0.05000,0.13000,0.15000,0.28000,0.12585,2.13532,"[np.float64(0.25), np.float64(0.05), np.float64(0.13), np.float64(0.15), np.float64(0.28)]"
2020-11-25,-0.08000,-0.16000,0.19000,0.04000,0.23000,0.15000,0.23000,0.04534,2.16139,"[np.float64(0.19), np.float64(0.04), np.float64(0.23), np.float64(0.15), np.float64(0.23)]"
2020-11-26,-0.44000,-0.36000,0.19000,0.05000,0.13000,0.08000,0.27000,0.05006,2.10315,"[np.float64(0.19), np.float64(0.05), np.float64(0.13), np.float64(0.08), np.float64(0.27)]"
2020-11-27,-0.23000,0.21000,0.25000,0.08000,0.15000,0.05000,0.28000,0.01182,2.08164,"[np.float64(0.25), np.float64(0.08), np.float64(0.15), np.float64(0.05), np.float64(0.28)]"
2020-11-28,-0.35000,-0.12000,0.25000,0.00000,0.00000,0.25000,0.50000,0.15418,1.50000,"[np.float64(0.25), np.float64(0.0), np.float64(0.0), np.float64(0.25), np.float64(0.5)]"
2020-11-29,0.16000,0.51000,0.08000,0.00000,0.10000,0.20000,0.23000,0.08621,1.87009,"[np.float64(0.08), np.float64(0.0), np.float64(0.1), np.float64(0.2), np.float64(0.23)]"
2020-11-30,-0.15000,-0.31000,0.45000,0.12000,0.21000,0.21000,0.41000,0.15004,2.17007,"[np.float64(0.45), np.float64(0.12), np.float64(0.21), np.float64(0.21), np.float64(0.41)]"
2020-12-01,-0.02000,0.13000,0.20000,0.05000,0.15000,0.25000,0.15000,0.09354,2.18004,"[np.float64(0.2), np.float64(0.05), np.float64(0.15), np.float64(0.25), np.float64(0.15)]"
2020-12-02,-0.11000,-0.09000,0.30000,0.04000,0.12000,0.12000,0.28000,0.11978,2.05590,"[np.float64(0.3), np.float64(0.04), np.float64(0.12), np.float64(0.12), np.float64(0.28)]"
2020-12-03,-0.13000,-0.02000,0.32000,0.08000,0.21000,0.23000,0.28000,0.03069,2.21015,"[np.float64(0.32), np.float64(0.08), np.float64(0.21), np.float64(0.23), np.float64(0.28)]"
2020-12-04,-0.09000,0.04000,0.25000,0.03000,0.23000,0.18000,0.18000,0.01925,2.13248,"[np.float64(0.25), np.float64(0.03), np.float64(0.23), np.float64(0.18), np.float64(0.18)]"
2020-12-05,-0.06000,0.03000,0.12000,0.00000,0.76000,0.68000,0.04000,0.23533,1.44812,"[np.float64(0.12), np.float64(0.0), np.float64(0.76), np.float64(0.68), np.float64(0.04)]"
2020-12-06,-0.10000,-0.04000,0.10000,0.00000,0.00000,0.00000,0.20000,0.91296,0.91830,"[np.float64(0.1), np.float64(0.0), np.float64(0.0), np.float64(0.0), np.float64(0.2)]"
2020-12-07,-0.08000,0.02000,0.25000,0.04000,0.25000,0.17000,0.33000,0.20855,2.12213,"[np.float64(0.25), np.float64(0.04), np.float64(0.25), np.float64(0.17), np.float64(0.33)]"
2020-12-08,-0.07000,0.01000,0.26300,0.08900,0.15400,0.10600,0.35100,0.03102,2.13295,"[np.float64(0.263), np.float64(0.089), np.float64(0.154), np.float64(0.106), np.float64(0.351)]"
2020-12-09,-0.04000,0.03000,0.32000,0.07000,0.23000,0.12000,0.26000,0.03731,2.15461,"[np.float64(0.32), np.float64(0.07), np.float64(0.23), np.float64(0.12), np.float64(0.26)]"
2020-12-10,-0.08000,-0.04000,0.18500,0.11100,0.07400,0.14800,0.29600,0.09652,2.17013,"[np.float64(0.185), np.float64(0.111), np.float64(0.074), np.float64(0.148), np.float64(0.296)]"
2020-12-11,-0.19000,-0.11000,0.32600,0.01800,0.10000,0.10600,0.15600,0.16082,1.94113,"[np.float64(0.326), np.float64(0.018), np.float64(0.1), np.float64(0.106), np.float64(0.156)]"
2020-12-12,-0.21000,-0.02000,0.30000,0.00000,0.30000,0.10000,0.20000,0.09344,1.89106,"[np.float64(0.3), np.float64(0.0), np.float64(0.3), np.float64(0.1), np.float64(0.2)]"
2020-12-13,0.25000,0.46000,0.25000,0.00000,0.00000,0.00000,0.25000,0.26279,1.00000,"[np.float64(0.25), np.float64(0.0), np.float64(0.0), np.float64(0.0), np.float64(0.25)]"
2020-12-14,0.03000,-0.22000,0.46000,0.00000,0.06000,0.06000,0.29000,0.03640,1.54657,"[np.float64(0.46), np.float64(0.0), np.float64(0.06), np.float64(0.06), np.float64(0.29)]"
2020-12-15,-0.05000,-0.08000,0.45000,0.15000,0.25000,0.20000,0.35000,0.09127,2.21645,"[np.float64(0.45), np.float64(0.15), np.float64(0.25), np.float64(0.2), np.float64(0.35)]"
2020-12-16,-0.02000,0.03000,0.27000,0.06000,0.21000,0.06000,0.31000,0.03607,2.05482,"[np.float64(0.27), np.float64(0.06), np.float64(0.21), np.float64(0.06), np.float64(0.31)]"
2020-12-17,0.07000,0.09000,0.31000,0.08000,0.05000,0.06000,0.32000,0.06401,1.91000,"[np.float64(0.31), np.float64(0.08), np.float64(0.05), np.float64(0.06), np.float64(0.32)]"
2020-12-18,-0.04000,-0.11000,0.28000,0.14000,0.21000,0.13000,0.29000,0.07675,2.24630,"[np.float64(0.28), np.float64(0.14), np.float64(0.21), np.float64(0.13), np.float64(0.29)]"
2020-12-19,0.20000,0.24000,0.20000,0.00000,0.20000,0.20000,0.40000,0.08010,1.92193,"[np.float64(0.2), np.float64(0.0), np.float64(0.2), np.float64(0.2), np.float64(0.4)]"
2020-12-20,0.00000,-0.20000,0.00000,0.00000,0.00000,0.00000,0.00000,0.00000,,"[np.float64(0.0), np.float64(0.0), np.float64(0.0), np.float64(0.0), np.float64(0.0)]"
2020-12-21,-0.10000,-0.10000,0.50000,0.10000,0.20000,0.20000,0.60000,0.00000,2.05504,"[np.float64(0.5), np.float64(0.1), np.float64(0.2), np.float64(0.2), np.float64(0.6)]"
2020-12-22,-0.05000,0.05000,0.23000,0.00000,0.10000,0.13000,0.26000,0.01313,1.89800,"[np.float64(0.23), np.float64(0.0), np.float64(0.1), np.float64(0.13), np.float64(0.26)]"
2020-12-23,-0.08000,-0.03000,0.31000,0.03000,0.20000,0.18000,0.21000,0.04565,2.10829,"[np.float64(0.31), np.float64(0.03), np.float64(0.2), np.float64(0.18), np.float64(0.21)]"
2020-12-24,-0.09000,-0.01000,0.32000,0.04000,0.22000,0.21000,0.28000,0.00521,2.13444,"[np.float64(0.32), np.float64(0.04), np.float64(0.22), np.float64(0.21), np.float64(0.28)]"
2020-12-25,-0.11000,-0.02000,0.28000,0.02000,0.05000,0.04000,0.61000,0.20660,1.46395,"[np.float64(0.28), np.float64(0.02), np.float64(0.05), np.float64(0.04), np.float64(0.61)]"
2020-12-26,0.11000,0.22000,0.36000,0.21000,0.18000,0.09000,0.50000,0.08046,2.10984,"[np.float64(0.36), np.float64(0.21), np.float64(0.18), np.float64(0.09), np.float64(0.5)]"
2020-12-27,0.03000,-0.08000,0.45000,0.05000,0.20000,0.15000,0.40000,0.05269,2.03249,"[np.float64(0.45), np.float64(0.05), np.float64(0.2), np.float64(0.15), np.float64(0.4)]"
2020-12-28,-0.05000,-0.08000,0.30000,0.10000,0.10000,0.15000,0.35000,0.02323,2.12612,"[np.float64(0.3), np.float64(0.1), np.float64(0.1), np.float64(0.15), np.float64(0.35)]"
2020-12-29,0.08000,0.13000,0.34000,0.07000,0.06000,0.11000,0.38000,0.01119,1.94319,"[np.float64(0.34), np.float64(0.07), np.float64(0.06), np.float64(0.11), np.float64(0.38)]"
2020-12-30,-0.07000,-0.15000,0.35000,0.08000,0.15000,0.12000,0.30000,0.02655,2.12031,"[np.float64(0.35), np.float64(0.08), np.float64(0.15), np.float64(0.12), np.float64(0.3)]"
2020-12-31,-0.10000,-0.03000,0.20000,0.10000,0.10000,0.20000,0.40000,0.08101,2.12193,"[np.float64(0.2), np.float64(0.1), np.float64(0.1), np.float64(0.2), np.float64(0.4)]"
2021-01-01,0.24000,0.34000,0.48000,0.12000,0.24000,0.36000,0.64000,0.01663,2.13631,"[np.float64(0.48), np.float64(0.12), np.float64(0.24), np.float64(0.36), np.float64(0.64)]"
2021-01-02,0.01000,-0.23000,0.31000,0.03000,0.15000,0.46000,0.25000,0.10694,2.01424,"[np.float64(0.31), np.float64(0.03), np.float64(0.15), np.float64(0.46), np.float64(0.25)]"
2021-01-03,0.05000,0.04000,0.08000,0.00000,0.17000,0.17000,0.00000,0.19163,1.51199,"[np.float64(0.08), np.float64(0.0), np.float64(0.17), np.float64(0.17), np.float64(0.0)]"
2021-01-04,0.26000,0.21000,0.43000,0.00000,0.12000,0.18000,0.29000,0.40023,1.84606,"[np.float64(0.43), np.float64(0.0), np.float64(0.12), np.float64(0.18), np.float64(0.29)]"
2021-01-05,0.10000,-0.16000,0.31000,0.08000,0.08000,0.31000,0.23000,0.07003,2.11166,"[np.float64(0.31), np.float64(0.08), np.float64(0.08), np.float64(0.31), np.float64(0.23)]"
2021-01-06,0.17000,0.07000,0.14000,0.14000,0.14000,0.29000,0.29000,0.08083,2.22714,"[np.float64(0.14), np.float64(0.14), np.float64(0.14), np.float64(0.29), np.float64(0.29)]"
2021-01-07,0.38000,0.21000,0.00000,0.08000,0.12000,0.13000,0.03000,0.20518,1.83992,"[np.float64(0.0), np.float64(0.08), np.float64(0.12), np.float64(0.13), np.float64(0.03)]"
2021-01-08,0.11000,-0.27000,0.18000,0.00000,0.09000,0.18000,0.27000,0.43614,1.90564,"[np.float64(0.18), np.float64(0.0), np.float64(0.09), np.float64(0.18), np.float64(0.27)]"
2021-01-09,0.25000,0.14000,0.25000,0.00000,0.00000,0.25000,0.25000,0.04742,1.58496,"[np.float64(0.25), np.float64(0.0), np.float64(0.0), np.float64(0.25), np.float64(0.25)]"
2021-01-10,0.02000,-0.23000,0.20000,0.24000,0.20000,0.20000,0.00000,0.45200,1.99524,"[np.float64(0.2), np.float64(0.24), np.float64(0.2), np.float64(0.2), np.float64(0.0)]"
2021-01-11,-0.05000,-0.07000,0.25000,0.07000,0.21000,0.21000,0.17000,0.16693,2.22524,"[np.float64(0.25), np.float64(0.07), np.float64(0.21), np.float64(0.21), np.float64(0.17)]"
2021-01-12,-0.08000,-0.03000,0.12000,0.04000,0.16000,0.12000,0.16000,0.03178,2.20624,"[np.float64(0.12), np.float64(0.04), np.float64(0.16), np.float64(0.12), np.float64(0.16)]"
2021-01-13,-0.12000,-0.04000,0.17000,0.15000,0.13000,0.20000,0.18000,0.06673,2.30645,"[np.float64(0.17), np.float64(0.15), np.float64(0.13), np.float64(0.2), np.float64(0.18)]"
2021-01-14,-0.03000,0.09000,0.25000,0.05000,0.15000,0.23000,0.19000,0.05005,2.17786,"[np.float64(0.25), np.float64(0.05), np.float64(0.15), np.float64(0.23), np.float64(0.19)]"
2021-01-15,-0.08000,-0.05000,0.17000,0.06000,0.17000,0.17000,0.17000,0.01825,2.24381,"[np.float64(0.17), np.float64(0.06), np.float64(0.17), np.float64(0.17), np.float64(0.17)]"
2021-01-16,-0.07000,0.01000,0.24000,0.00000,0.31000,0.14000,0.34000,0.05643,1.93023,"[np.float64(0.24), np.float64(0.0), np.float64(0.31), np.float64(0.14), np.float64(0.34)]"
2021-01-17,0.10000,0.17000,0.30000,0.00000,0.00000,0.00000,0.40000,0.22604,0.98523,"[np.float64(0.3), np.float64(0.0), np.float64(0.0), np.float64(0.0), np.float64(0.4)]"
2021-01-18,-0.08000,-0.18000,0.15000,0.00000,0.23000,0.27000,0.19000,0.43645,1.96687,"[np.float64(0.15), np.float64(0.0), np.float64(0.23), np.float64(0.27), np.float64(0.19)]"
2021-01-19,-0.19000,-0.11000,0.15000,0.02000,0.21000,0.29000,0.28000,0.01661,2.06112,"[np.float64(0.15), np.float64(0.02), np.float64(0.21), np.float64(0.29), np.float64(0.28)]"
2021-01-20,-0.17000,0.02000,0.22000,0.05000,0.35000,0.31000,0.25000,0.03127,2.14605,"[np.float64(0.22), np.float64(0.05), np.float64(0.35), np.float64(0.31), np.float64(0.25)]"
2021-01-21,-0.08000,0.09000,0.18000,0.04000,0.14000,0.25000,0.29000,0.06676,2.12141,"[np.float64(0.18), np.float64(0.04), np.float64(0.14), np.float64(0.25), np.float64(0.29)]"
2021-01-22,-0.34000,-0.26000,0.35000,0.08000,0.16000,0.22000,0.20000,0.08579,2.18226,"[np.float64(0.35), np.float64(0.08), np.float64(0.16), np.float64(0.22), np.float64(0.2)]"
2021-01-23,-0.05000,0.29000,0.00000,0.00000,0.25000,0.25000,0.50000,0.35389,1.50000,"[np.float64(0.0), np.float64(0.0), np.float64(0.25), np.float64(0.25), np.float64(0.5)]"
2021-01-24,-0.25000,-0.20000,0.00000,0.00000,0.25000,0.25000,0.50000,0.00000,1.50000,"[np.float64(0.0), np.float64(0.0), np.float64(0.25), np.float64(0.25), np.float64(0.5)]"
2021-01-25,0.14000,0.39000,0.41000,0.18000,0.02000,0.07000,0.34000,0.44551,1.87494,"[np.float64(0.41), np.float64(0.18), np.float64(0.02), np.float64(0.07), np.float64(0.34)]"
2021-01-26,0.04000,-0.10000,0.39000,0.03000,0.23000,0.13000,0.43000,0.10163,1.99025,"[np.float64(0.39), np.float64(0.03), np.float64(0.23), np.float64(0.13), np.float64(0.43)]"
2021-01-27,0.08000,0.04000,0.29000,0.04000,0.11000,0.19000,0.37000,0.02670,2.03990,"[np.float64(0.29), np.float64(0.04), np.float64(0.11), np.float64(0.19), np.float64(0.37)]"
2021-01-28,-0.01000,-0.09000,0.31000,0.01000,0.29000,0.13000,0.46000,0.04695,1.93480,"[np.float64(0.31), np.float64(0.01), np.float64(0.29), np.float64(0.13), np.float64(0.46)]"
2021-01-29,0.01000,0.02000,0.34000,0.01000,0.14000,0.21000,0.30000,0.06165,1.98664,"[np.float64(0.34), np.float64(0.01), np.float64(0.14), np.float64(0.21), np.float64(0.3)]"
2021-01-30,-0.10000,-0.11000,0.20000,0.20000,0.00000,0.00000,0.20000,0.27697,1.58496,"[np.float64(0.2), np.float64(0.2), np.float64(0.0), np.float64(0.0), np.float64(0.2)]"
2021-01-31,-0.20000,-0.10000,0.05000,0.10000,0.05000,0.00000,0.70000,0.30942,1.09754,"[np.float64(0.05), np.float64(0.1), np.float64(0.05), np.float64(0.0), np.float64(0.7)]"
2021-02-01,0.03000,0.23000,0.43000,0.03000,0.20000,0.10000,0.33000,0.36365,1.95894,"[np.float64(0.43), np.float64(0.03), np.float64(0.2), np.float64(0.1), np.float64(0.33)]"
2021-02-02,-0.15000,-0.18000,0.20000,0.00000,0.25000,0.20000,0.15000,0.13831,1.97722,"[np.float64(0.2), np.float64(0.0), np.float64(0.25), np.float64(0.2), np.float64(0.15)]"
2021-02-03,0.01000,0.16000,0.34000,0.00000,0.11000,0.03000,0.19000,0.21140,1.64082,"[np.float64(0.34), np.float64(0.0), np.float64(0.11), np.float64(0.03), np.float64(0.19)]"
2021-02-04,-0.13000,-0.14000,0.35000,0.02000,0.23000,0.31000,0.28000,0.13904,2.07337,"[np.float64(0.35), np.float64(0.02), np.float64(0.23), np.float64(0.31), np.float64(0.28)]"
2021-02-05,-0.08000,0.05000,0.21000,0.04000,0.16000,0.08000,0.24000,0.06709,2.10383,"[np.float64(0.21), np.float64(0.04), np.float64(0.16), np.float64(0.08), np.float64(0.24)]"
2021-02-06,0.08000,0.16000,0.19000,0.02000,0.12000,0.18000,0.31000,0.04556,2.03598,"[np.float64(0.19), np.float64(0.02), np.float64(0.12), np.float64(0.18), np.float64(0.31)]"
2021-02-07,0.12000,0.04000,0.15000,0.18000,0.00000,0.00000,0.25000,0.24479,1.55180,"[np.float64(0.15), np.float64(0.18), np.float64(0.0), np.float64(0.0), np.float64(0.25)]"
2021-02-08,-0.05000,-0.17000,0.15000,0.04000,0.04000,0.22000,0.26000,0.26577,1.99591,"[np.float64(0.15), np.float64(0.04), np.float64(0.04), np.float64(0.22), np.float64(0.26)]"
2021-02-09,-0.25000,-0.20000,0.18000,0.00000,0.07000,0.21000,0.36000,0.01916,1.80797,"[np.float64(0.18), np.float64(0.0), np.float64(0.07), np.float64(0.21), np.float64(0.36)]"
2021-02-10,-0.13000,0.12000,0.25000,0.03000,0.15000,0.21000,0.28000,0.04433,2.10727,"[np.float64(0.25), np.float64(0.03), np.float64(0.15), np.float64(0.21), np.float64(0.28)]"
2021-02-11,-0.11000,0.02000,0.15000,0.06000,0.06000,0.12000,0.21000,0.02416,2.15887,"[np.float64(0.15), np.float64(0.06), np.float64(0.06), np.float64(0.12), np.float64(0.21)]"
2021-02-12,-0.11000,0.00000,0.34000,0.11000,0.16000,0.14000,0.37000,0.02178,2.15485,"[np.float64(0.34), np.float64(0.11), np.float64(0.16), np.float64(0.14), np.float64(0.37)]"
2021-02-13,-0.09000,0.02000,0.10000,0.00000,0.00000,0.00000,0.20000,0.13224,0.91830,"[np.float64(0.1), np.float64(0.0), np.float64(0.0), np.float64(0.0), np.float64(0.2)]"
2021-02-14,0.05000,0.14000,0.25000,0.05000,0.15000,0.20000,0.35000,0.15029,2.12113,"[np.float64(0.25), np.float64(0.05), np.float64(0.15), np.float64(0.2), np.float64(0.35)]"
2021-02-15,-0.03000,-0.08000,0.18000,0.00000,0.05000,0.21000,0.44000,0.04810,1.69668,"[np.float64(0.18), np.float64(0.0), np.float64(0.05), np.float64(0.21), np.float64(0.44)]"
2021-02-16,0.07000,0.10000,0.31000,0.14000,0.22000,0.21000,0.41000,0.09048,2.22914,"[np.float64(0.31), np.float64(0.14), np.float64(0.22), np.float64(0.21), np.float64(0.41)]"
2021-02-17,-0.08000,-0.15000,0.21000,0.00000,0.24000,0.00000,0.55000,0.11949,1.44133,"[np.float64(0.21), np.float64(0.0), np.float64(0.24), np.float64(0.0), np.float64(0.55)]"
2021-02-18,-0.16000,-0.08000,0.16000,0.05000,0.11000,0.08000,0.42000,0.03074,1.91681,"[np.float64(0.16), np.float64(0.05), np.float64(0.11), np.float64(0.08), np.float64(0.42)]"
2021-02-19,-0.09000,0.07000,0.25000,0.11000,0.21000,0.15000,0.41000,0.03742,2.17724,"[np.float64(0.25), np.float64(0.11), np.float64(0.21), np.float64(0.15), np.float64(0.41)]"
2021-02-20,-0.11000,-0.02000,0.15000,0.08000,0.19000,0.12000,0.28000,0.00871,2.19975,"[np.float64(0.15), np.float64(0.08), np.float64(0.19), np.float64(0.12), np.float64(0.28)]"
2021-02-21,0.03000,0.14000,0.26000,0.00000,0.17000,0.09000,0.24000,0.06679,1.90231,"[np.float64(0.26), np.float64(0.0), np.float64(0.17), np.float64(0.09), np.float64(0.24)]"
2021-02-22,-0.14000,-0.17000,0.00000,0.13000,0.13000,0.00000,0.13000,0.41224,1.58496,"[np.float64(0.0), np.float64(0.13), np.float64(0.13), np.float64(0.0), np.float64(0.13)]"
2021-02-23,-0.11000,0.03000,0.08000,0.08000,0.23000,0.23000,0.00000,0.48029,1.82381,"[np.float64(0.08), np.float64(0.08), np.float64(0.23), np.float64(0.23), np.float64(0.0)]"
2021-02-24,-0.09000,0.02000,0.17000,0.05000,0.08000,0.10000,0.40000,0.62417,1.93202,"[np.float64(0.17), np.float64(0.05), np.float64(0.08), np.float64(0.1), np.float64(0.4)]"
2021-02-25,-0.13000,-0.04000,0.25000,0.05000,0.15000,0.05000,0.35000,0.03872,1.96887,"[np.float64(0.25), np.float64(0.05), np.float64(0.15), np.float64(0.05), np.float64(0.35)]"
2021-02-26,-0.05000,0.08000,0.15000,0.05000,0.05000,0.15000,0.40000,0.07691,1.90564,"[np.float64(0.15), np.float64(0.05), np.float64(0.05), np.float64(0.15), np.float64(0.4)]"
2021-02-27,-0.02000,0.03000,0.49000,0.11000,0.16000,0.10000,0.12000,0.40456,1.98804,"[np.float64(0.49), np.float64(0.11), np.float64(0.16), np.float64(0.1), np.float64(0.12)]"
2021-02-28,-0.08000,-0.06000,0.23000,0.15000,0.23000,0.15000,0.19000,0.14246,2.29616,"[np.float64(0.23), np.float64(0.15), np.float64(0.23), np.float64(0.15), np.float64(0.19)]"
2021-03-01,-0.05000,0.03000,0.25000,0.08000,0.10000,0.15000,0.42000,0.14509,2.05989,"[np.float64(0.25), np.float64(0.08), np.float64(0.1), np.float64(0.15), np.float64(0.42)]"
2021-03-02,-0.13000,-0.08000,0.28000,0.02000,0.11000,0.20000,0.24000,0.06745,2.04307,"[np.float64(0.28), np.float64(0.02), np.float64(0.11), np.float64(0.2), np.float64(0.24)]"
2021-03-03,-0.18000,-0.05000,0.35000,0.09000,0.21000,0.13000,0.31000,0.04112,2.16288,"[np.float64(0.35), np.float64(0.09), np.float64(0.21), np.float64(0.13), np.float64(0.31)]"
2021-03-04,-0.08000,0.10000,0.18000,0.03000,0.09000,0.16000,0.21000,0.04633,2.11711,"[np.float64(0.18), np.float64(0.03), np.float64(0.09), np.float64(0.16), np.float64(0.21)]"
2021-03-05,-0.03000,0.05000,0.25000,0.03000,0.10000,0.09000,0.16000,0.05667,2.06300,"[np.float64(0.25), np.float64(0.03), np.float64(0.1), np.float64(0.09), np.float64(0.16)]"
2021-03-06,-0.15000,-0.12000,0.08000,0.08000,0.33000,0.17000,0.08000,0.35607,2.04794,"[np.float64(0.08), np.float64(0.08), np.float64(0.33), np.float64(0.17), np.float64(0.08)]"
2021-03-07,-0.10000,0.05000,0.33000,0.00000,0.00000,0.00000,0.33000,0.71447,1.00000,"[np.float64(0.33), np.float64(0.0), np.float64(0.0), np.float64(0.0), np.float64(0.33)]"
2021-03-08,0.06000,0.16000,0.41000,0.06000,0.03000,0.26000,0.10000,0.27904,1.82911,"[np.float64(0.41), np.float64(0.06), np.float64(0.03), np.float64(0.26), np.float64(0.1)]"
2021-03-09,-0.12000,-0.18000,0.43000,0.07000,0.21000,0.14000,0.24000,0.11396,2.10248,"[np.float64(0.43), np.float64(0.07), np.float64(0.21), np.float64(0.14), np.float64(0.24)]"
2021-03-10,-0.03000,0.09000,0.17000,0.07000,0.17000,0.07000,0.27000,0.09934,2.14004,"[np.float64(0.17), np.float64(0.07), np.float64(0.17), np.float64(0.07), np.float64(0.27)]"
2021-03-11,-0.12000,-0.09000,0.29000,0.04000,0.06000,0.03000,0.41000,0.08085,1.69063,"[np.float64(0.29), np.float64(0.04), np.float64(0.06), np.float64(0.03), np.float64(0.41)]"
2021-03-12,-0.09000,0.03000,0.25000,0.15000,0.21000,0.11000,0.32000,0.10063,2.22936,"[np.float64(0.25), np.float64(0.15), np.float64(0.21), np.float64(0.11), np.float64(0.32)]"
2021-03-13,-0.10000,-0.01000,0.17000,0.08000,0.17000,0.17000,0.33000,0.03303,2.18741,"[np.float64(0.17), np.float64(0.08), np.float64(0.17), np.float64(0.17), np.float64(0.33)]"
2021-03-14,-0.35000,-0.25000,0.28000,0.02000,0.05000,0.10000,0.45000,0.08380,1.72998,"[np.float64(0.28), np.float64(0.02), np.float64(0.05), np.float64(0.1), np.float64(0.45)]"
2021-03-15,-0.15000,0.20000,0.45000,0.15000,0.10000,0.20000,0.40000,0.06572,2.11259,"[np.float64(0.45), np.float64(0.15), np.float64(0.1), np.float64(0.2), np.float64(0.4)]"
2021-03-16,-0.10000,0.05000,0.30000,0.05000,0.15000,0.10000,0.30000,0.02720,2.07135,"[np.float64(0.3), np.float64(0.05), np.float64(0.15), np.float64(0.1), np.float64(0.3)]"
2021-03-17,-0.18000,-0.08000,0.13000,0.14000,0.16000,0.15000,0.42000,0.10928,2.13896,"[np.float64(0.13), np.float64(0.14), np.float64(0.16), np.float64(0.15), np.float64(0.42)]"
2021-03-18,-0.15000,0.03000,0.35000,0.08000,0.25000,0.18000,0.32000,0.11544,2.18197,"[np.float64(0.35), np.float64(0.08), np.float64(0.25), np.float64(0.18), np.float64(0.32)]"
2021-03-19,-0.11000,0.04000,0.11000,0.14000,0.11000,0.04000,0.18000,0.10863,2.19472,"[np.float64(0.11), np.float64(0.14), np.float64(0.11), np.float64(0.04), np.float64(0.18)]"
2021-03-20,-0.01000,0.10000,0.26000,0.23000,0.18000,0.00000,0.12000,0.10420,1.94515,"[np.float64(0.26), np.float64(0.23), np.float64(0.18), np.float64(0.0), np.float64(0.12)]"
2021-03-21,-0.14000,-0.13000,0.14000,0.07000,0.17000,0.14000,0.19000,0.21615,2.25602,"[np.float64(0.14), np.float64(0.07), np.float64(0.17), np.float64(0.14), np.float64(0.19)]"
2021-03-22,-0.11000,0.03000,0.15000,0.11000,0.18000,0.14000,0.15000,0.01558,2.30459,"[np.float64(0.15), np.float64(0.11), np.float64(0.18), np.float64(0.14), np.float64(0.15)]"
2021-03-23,-0.03000,0.08000,0.29000,0.11000,0.11000,0.11000,0.47000,0.16410,2.03325,"[np.float64(0.29), np.float64(0.11), np.float64(0.11), np.float64(0.11), np.float64(0.47)]"
2021-03-24,-0.15000,-0.12000,0.25000,0.18000,0.22000,0.15000,0.20000,0.14348,2.30081,"[np.float64(0.25), np.float64(0.18), np.float64(0.22), np.float64(0.15), np.float64(0.2)]"
2021-03-25,-0.08000,0.07000,0.26000,0.11000,0.15000,0.19000,0.29000,0.04506,2.23925,"[np.float64(0.26), np.float64(0.11), np.float64(0.15), np.float64(0.19), np.float64(0.29)]"
2021-03-26,-0.02000,0.06000,0.21000,0.04000,0.18000,0.04000,0.31000,0.07198,1.96646,"[np.float64(0.21), np.float64(0.04), np.float64(0.18), np.float64(0.04), np.float64(0.31)]"
2021-03-27,-0.07000,-0.05000,0.45000,0.15000,0.36000,0.27000,0.18000,0.18443,2.20838,"[np.float64(0.45), np.float64(0.15), np.float64(0.36), np.float64(0.27), np.float64(0.18)]"
2021-03-28,-0.08000,-0.01000,0.27000,0.09000,0.18000,0.27000,0.09000,0.03380,2.17095,"[np.float64(0.27), np.float64(0.09), np.float64(0.18), np.float64(0.27), np.float64(0.09)]"
2021-03-29,-0.05000,0.03000,0.38000,0.01000,0.25000,0.10000,0.53000,0.28258,1.85233,"[np.float64(0.38), np.float64(0.01), np.float64(0.25), np.float64(0.1), np.float64(0.53)]"
2021-03-30,-0.12000,-0.07000,0.45000,0.03000,0.15000,0.12000,0.35000,0.04403,1.93558,"[np.float64(0.45), np.float64(0.03), np.float64(0.15), np.float64(0.12), np.float64(0.35)]"
2021-03-31,-0.08000,0.04000,0.40000,0.02000,0.20000,0.05000,0.45000,0.02453,1.80683,"[np.float64(0.4), np.float64(0.02), np.float64(0.2), np.float64(0.05), np.float64(0.45)]"
2021-04-01,-0.02000,0.06000,0.33000,0.05000,0.16000,0.18000,0.21000,0.08735,2.13731,"[np.float64(0.33), np.float64(0.05), np.float64(0.16), np.float64(0.18), np.float64(0.21)]"
2021-04-02,-0.07000,-0.05000,0.43000,0.07000,0.23000,0.21000,0.31000,0.00286,2.14305,"[np.float64(0.43), np.float64(0.07), np.float64(0.23), np.float64(0.21), np.float64(0.31)]"
2021-04-03,-0.05000,0.02000,0.40000,0.10000,0.00000,0.00000,0.20000,0.15011,1.37878,"[np.float64(0.4), np.float64(0.1), np.float64(0.0), np.float64(0.0), np.float64(0.2)]"
2021-04-04,-0.09000,-0.04000,0.61000,0.28000,0.11000,0.00000,0.33000,0.02434,1.78536,"[np.float64(0.61), np.float64(0.28), np.float64(0.11), np.float64(0.0), np.float64(0.33)]"
2021-04-05,-0.07000,0.02000,0.65000,0.25000,0.28000,0.22000,0.41000,0.05245,2.19640,"[np.float64(0.65), np.float64(0.25), np.float64(0.28), np.float64(0.22), np.float64(0.41)]"
2021-04-06,-0.11000,-0.04000,0.55000,0.18000,0.11000,0.07000,0.48000,0.04214,1.94760,"[np.float64(0.55), np.float64(0.18), np.float64(0.11), np.float64(0.07), np.float64(0.48)]"
2021-04-07,0.01000,0.12000,0.34000,0.29000,0.09000,0.08000,0.31000,0.05075,2.11005,"[np.float64(0.34), np.float64(0.29), np.float64(0.09), np.float64(0.08), np.float64(0.31)]"
2021-04-08,-0.08000,-0.09000,0.42000,0.25000,0.11000,0.21000,0.45000,0.02912,2.16993,"[np.float64(0.42), np.float64(0.25), np.float64(0.11), np.float64(0.21), np.float64(0.45)]"
2021-04-09,-0.05000,0.03000,0.25000,0.10000,0.15000,0.20000,0.15000,0.08555,2.25691,"[np.float64(0.25), np.float64(0.1), np.float64(0.15), np.float64(0.2), np.float64(0.15)]"
2021-04-10,-0.11000,-0.06000,0.41000,0.00000,0.01000,0.11000,0.18000,0.16407,1.46282,"[np.float64(0.41), np.float64(0.0), np.float64(0.01), np.float64(0.11), np.float64(0.18)]"
2021-04-11,0.10000,0.21000,0.30000,0.15000,0.10000,0.00000,0.40000,0.20042,1.81295,"[np.float64(0.3), np.float64(0.15), np.float64(0.1), np.float64(0.0), np.float64(0.4)]"
2021-04-12,-0.05000,-0.15000,0.35000,0.10000,0.15000,0.10000,0.25000,0.07303,2.14182,"[np.float64(0.35), np.float64(0.1), np.float64(0.15), np.float64(0.1), np.float64(0.25)]"
2021-04-13,0.06000,0.11000,0.22900,0.04500,0.11600,0.12600,0.29000,0.04242,2.09986,"[np.float64(0.229), np.float64(0.045), np.float64(0.116), np.float64(0.126), np.float64(0.29)]"
2021-04-14,0.03000,-0.03000,0.33000,0.15000,0.17000,0.13000,0.26000,0.04397,2.23051,"[np.float64(0.33), np.float64(0.15), np.float64(0.17), np.float64(0.13), np.float64(0.26)]"
2021-04-15,-0.02000,-0.05000,0.15000,0.08000,0.31000,0.11000,0.23000,0.12689,2.16081,"[np.float64(0.15), np.float64(0.08), np.float64(0.31), np.float64(0.11), np.float64(0.23)]"
2021-04-16,-0.04000,-0.02000,0.46000,0.11000,0.21000,0.04000,0.38000,0.16297,1.97524,"[np.float64(0.46), np.float64(0.11), np.float64(0.21), np.float64(0.04), np.float64(0.38)]"
2021-04-17,-0.08000,-0.04000,0.08000,0.00000,0.08000,0.17000,0.17000,0.26867,1.90438,"[np.float64(0.08), np.float64(0.0), np.float64(0.08), np.float64(0.17), np.float64(0.17)]"
2021-04-18,-0.10000,-0.02000,0.29000,0.14000,0.14000,0.14000,0.14000,0.23443,2.24359,"[np.float64(0.29), np.float64(0.14), np.float64(0.14), np.float64(0.14), np.float64(0.14)]"
2021-04-19,-0.11000,-0.01000,0.42000,0.12000,0.15000,0.21000,0.39000,0.05567,2.15487,"[np.float64(0.42), np.float64(0.12), np.float64(0.15), np.float64(0.21), np.float64(0.39)]"
2021-04-20,-0.08000,0.03000,0.35000,0.15000,0.25000,0.23000,0.33000,0.02412,2.26448,"[np.float64(0.35), np.float64(0.15), np.float64(0.25), np.float64(0.23), np.float64(0.33)]"
2021-04-21,0.05000,0.13000,0.25000,0.05000,0.10000,0.15000,0.45000,0.08968,1.97724,"[np.float64(0.25), np.float64(0.05), np.float64(0.1), np.float64(0.15), np.float64(0.45)]"
2021-04-22,-0.11000,-0.16000,0.30000,0.12000,0.07000,0.06000,0.19000,0.13680,2.07299,"[np.float64(0.3), np.float64(0.12), np.float64(0.07), np.float64(0.06), np.float64(0.19)]"
2021-04-23,-0.13000,-0.02000,0.32000,0.11000,0.15000,0.10000,0.21000,0.01862,2.18231,"[np.float64(0.32), np.float64(0.11), np.float64(0.15), np.float64(0.1), np.float64(0.21)]"
2021-04-24,-0.08000,0.05000,0.25000,0.15000,0.12000,0.00000,0.13000,0.04883,1.93275,"[np.float64(0.25), np.float64(0.15), np.float64(0.12), np.float64(0.0), np.float64(0.13)]"
2021-04-25,-0.12000,-0.04000,0.54000,0.10000,0.22000,0.14000,0.00000,0.14917,1.68992,"[np.float64(0.54), np.float64(0.1), np.float64(0.22), np.float64(0.14), np.float64(0.0)]"
2021-04-26,-0.09000,0.03000,0.35000,0.08000,0.18000,0.15000,0.21000,0.11242,2.17285,"[np.float64(0.35), np.float64(0.08), np.float64(0.18), np.float64(0.15), np.float64(0.21)]"
2021-04-27,-0.08000,0.01000,0.21000,0.04000,0.19000,0.19000,0.38000,0.10346,2.09305,"[np.float64(0.21), np.float64(0.04), np.float64(0.19), np.float64(0.19), np.float64(0.38)]"
2021-04-28,-0.22000,-0.14000,0.52000,0.14000,0.17000,0.16000,0.45000,0.07995,2.09808,"[np.float64(0.52), np.float64(0.14), np.float64(0.17), np.float64(0.16), np.float64(0.45)]"
2021-04-29,-0.15000,0.07000,0.48000,0.08000,0.23000,0.21000,0.41000,0.01138,2.11814,"[np.float64(0.48), np.float64(0.08), np.float64(0.23), np.float64(0.21), np.float64(0.41)]"
2021-04-30,-0.11000,0.04000,0.41000,0.04000,0.12000,0.12000,0.31000,0.01203,1.97107,"[np.float64(0.41), np.float64(0.04), np.float64(0.12), np.float64(0.12), np.float64(0.31)]"
2021-05-01,-0.26000,-0.15000,0.49000,0.05000,0.17000,0.23000,0.54000,0.01807,1.99984,"[np.float64(0.49), np.float64(0.05), np.float64(0.17), np.float64(0.23), np.float64(0.54)]"
2021-05-02,-0.18000,0.08000,0.20000,0.00000,0.20000,0.20000,0.40000,0.05130,1.92193,"[np.float64(0.2), np.float64(0.0), np.float64(0.2), np.float64(0.2), np.float64(0.4)]"
2021-05-03,-0.10000,0.08000,0.30000,0.00000,0.10000,0.10000,0.40000,0.05439,1.75272,"[np.float64(0.3), np.float64(0.0), np.float64(0.1), np.float64(0.1), np.float64(0.4)]"
2021-05-04,-0.04000,0.06000,0.39000,0.04000,0.15000,0.05000,0.15000,0.15478,1.88865,"[np.float64(0.39), np.float64(0.04), np.float64(0.15), np.float64(0.05), np.float64(0.15)]"
2021-05-05,-0.14000,-0.10000,0.25000,0.13000,0.15000,0.14000,0.31000,0.14595,2.23013,"[np.float64(0.25), np.float64(0.13), np.float64(0.15), np.float64(0.14), np.float64(0.31)]"
2021-05-06,-0.20000,-0.06000,0.33000,0.00000,0.00000,0.00000,0.67000,0.16703,0.91493,"[np.float64(0.33), np.float64(0.0), np.float64(0.0), np.float64(0.0), np.float64(0.67)]"
2021-05-07,0.07000,0.27000,0.44000,0.13000,0.06000,0.25000,0.56000,0.09302,1.99535,"[np.float64(0.44), np.float64(0.13), np.float64(0.06), np.float64(0.25), np.float64(0.56)]"
2021-05-08,-0.15000,-0.22000,0.36000,0.21000,0.14000,0.07000,0.43000,0.04859,2.08713,"[np.float64(0.36), np.float64(0.21), np.float64(0.14), np.float64(0.07), np.float64(0.43)]"
2021-05-09,-0.05000,0.10000,0.33000,0.00000,0.17000,0.17000,0.33000,0.08782,1.92482,"[np.float64(0.33), np.float64(0.0), np.float64(0.17), np.float64(0.17), np.float64(0.33)]"
2021-05-10,-0.01000,0.04000,0.31000,0.15000,0.16000,0.20000,0.15000,0.10758,2.25738,"[np.float64(0.31), np.float64(0.15), np.float64(0.16), np.float64(0.2), np.float64(0.15)]"
2021-05-11,-0.09000,-0.08000,0.32000,0.03000,0.22000,0.15000,0.28000,0.07703,2.08314,"[np.float64(0.32), np.float64(0.03), np.float64(0.22), np.float64(0.15), np.float64(0.28)]"
2021-05-12,-0.05000,0.04000,0.20000,0.03000,0.13000,0.07000,0.37000,0.07545,1.92567,"[np.float64(0.2), np.float64(0.03), np.float64(0.13), np.float64(0.07), np.float64(0.37)]"
2021-05-13,-0.03000,0.02000,0.19000,0.09000,0.03000,0.09000,0.38000,0.03574,1.90149,"[np.float64(0.19), np.float64(0.09), np.float64(0.03), np.float64(0.09), np.float64(0.38)]"
2021-05-14,-0.07000,-0.04000,0.21000,0.03000,0.15000,0.14000,0.32000,0.06309,2.06939,"[np.float64(0.21), np.float64(0.03), np.float64(0.15), np.float64(0.14), np.float64(0.32)]"
2021-05-15,-0.10000,-0.03000,0.40000,0.00000,0.00000,0.00000,0.40000,0.13909,1.00000,"[np.float64(0.4), np.float64(0.0), np.float64(0.0), np.float64(0.0), np.float64(0.4)]"
2021-05-16,-0.20000,-0.10000,0.30000,0.15000,0.50000,0.00000,0.05000,0.59036,1.64773,"[np.float64(0.3), np.float64(0.15), np.float64(0.5), np.float64(0.0), np.float64(0.05)]"
2021-05-17,-0.20000,0.00000,0.40000,0.15000,0.25000,0.25000,0.30000,0.25834,2.25548,"[np.float64(0.4), np.float64(0.15), np.float64(0.25), np.float64(0.25), np.float64(0.3)]"
2021-05-18,-0.05000,0.15000,0.13000,0.06000,0.16000,0.09000,0.19000,0.04728,2.21767,"[np.float64(0.13), np.float64(0.06), np.float64(0.16), np.float64(0.09), np.float64(0.19)]"
2021-05-19,-0.17000,-0.12000,0.41000,0.09000,0.07000,0.07000,0.43000,0.13720,1.87398,"[np.float64(0.41), np.float64(0.09), np.float64(0.07), np.float64(0.07), np.float64(0.43)]"
2021-05-20,-0.13000,0.04000,0.25000,0.05000,0.23000,0.15000,0.27000,0.11224,2.16214,"[np.float64(0.25), np.float64(0.05), np.float64(0.23), np.float64(0.15), np.float64(0.27)]"
2021-05-21,-0.02000,0.11000,0.10000,0.05000,0.10000,0.10000,0.28000,0.08259,2.07453,"[np.float64(0.1), np.float64(0.05), np.float64(0.1), np.float64(0.1), np.float64(0.28)]"
2021-05-22,-0.18000,-0.16000,0.88000,0.00000,0.00000,0.00000,0.12000,0.58887,0.52936,"[np.float64(0.88), np.float64(0.0), np.float64(0.0), np.float64(0.0), np.float64(0.12)]"
2021-05-23,-0.08000,0.10000,0.17000,0.17000,0.33000,0.17000,0.17000,0.59602,2.25809,"[np.float64(0.17), np.float64(0.17), np.float64(0.33), np.float64(0.17), np.float64(0.17)]"
2021-05-24,-0.15000,-0.07000,0.21000,0.04000,0.08000,0.17000,0.33000,0.25464,2.03539,"[np.float64(0.21), np.float64(0.04), np.float64(0.08), np.float64(0.17), np.float64(0.33)]"
2021-05-25,-0.10000,0.05000,0.32000,0.09000,0.05000,0.08000,0.24000,0.08583,2.00107,"[np.float64(0.32), np.float64(0.09), np.float64(0.05), np.float64(0.08), np.float64(0.24)]"
2021-05-26,-0.04000,0.06000,0.35000,0.07000,0.15000,0.11000,0.28000,0.02171,2.10122,"[np.float64(0.35), np.float64(0.07), np.float64(0.15), np.float64(0.11), np.float64(0.28)]"
2021-05-27,-0.08000,-0.04000,0.25000,0.02000,0.18000,0.05000,0.30000,0.03331,1.92229,"[np.float64(0.25), np.float64(0.02), np.float64(0.18), np.float64(0.05), np.float64(0.3)]"
2021-05-28,-0.12000,-0.04000,0.28000,0.08000,0.19000,0.23000,0.24000,0.09193,2.22735,"[np.float64(0.28), np.float64(0.08), np.float64(0.19), np.float64(0.23), np.float64(0.24)]"
2021-05-29,-0.15000,-0.03000,0.20000,0.15000,0.25000,0.15000,0.30000,0.05302,2.26712,"[np.float64(0.2), np.float64(0.15), np.float64(0.25), np.float64(0.15), np.float64(0.3)]"
2021-05-30,-0.20000,-0.05000,0.33000,0.00000,0.00000,0.00000,0.67000,0.26643,0.91493,"[np.float64(0.33), np.float64(0.0), np.float64(0.0), np.float64(0.0), np.float64(0.67)]"
2021-05-31,0.02000,0.22000,0.37000,0.02000,0.07000,0.07000,0.46000,0.03802,1.69868,"[np.float64(0.37), np.float64(0.02), np.float64(0.07), np.float64(0.07), np.float64(0.46)]"
2021-06-01,0.03000,0.01000,0.35000,0.05000,0.15000,0.20000,0.40000,0.03981,2.07111,"[np.float64(0.35), np.float64(0.05), np.float64(0.15), np.float64(0.2), np.float64(0.4)]"
2021-06-02,0.05000,0.02000,0.15000,0.05000,0.15000,0.15000,0.50000,0.07787,1.94773,"[np.float64(0.15), np.float64(0.05), np.float64(0.15), np.float64(0.15), np.float64(0.5)]"
2021-06-03,0.13000,0.08000,0.23000,0.02000,0.09000,0.09000,0.49000,0.02306,1.76029,"[np.float64(0.23), np.float64(0.02), np.float64(0.09), np.float64(0.09), np.float64(0.49)]"
2021-06-04,0.11000,-0.02000,0.32000,0.07000,0.21000,0.23000,0.38000,0.08451,2.16388,"[np.float64(0.32), np.float64(0.07), np.float64(0.21), np.float64(0.23), np.float64(0.38)]"
2021-06-05,0.08000,-0.03000,0.15000,0.02000,0.09000,0.39000,0.35000,0.10856,1.89597,"[np.float64(0.15), np.float64(0.02), np.float64(0.09), np.float64(0.39), np.float64(0.35)]"
2021-06-06,-0.10000,-0.18000,0.32000,0.19000,0.18000,0.18000,0.23000,0.21840,2.28254,"[np.float64(0.32), np.float64(0.19), np.float64(0.18), np.float64(0.18), np.float64(0.23)]"
2021-06-07,-0.05000,0.05000,0.32000,0.11000,0.21000,0.12000,0.24000,0.02124,2.21035,"[np.float64(0.32), np.float64(0.11), np.float64(0.21), np.float64(0.12), np.float64(0.24)]"
2021-06-08,-0.08000,-0.03000,0.18000,0.08000,0.18000,0.13000,0.18000,0.02217,2.26506,"[np.float64(0.18), np.float64(0.08), np.float64(0.18), np.float64(0.13), np.float64(0.18)]"
2021-06-09,-0.20000,-0.12000,0.23000,0.13000,0.16000,0.26000,0.22000,0.03512,2.27919,"[np.float64(0.23), np.float64(0.13), np.float64(0.16), np.float64(0.26), np.float64(0.22)]"
2021-06-10,-0.11000,0.09000,0.32000,0.04000,0.18000,0.15000,0.31000,0.07485,2.09144,"[np.float64(0.32), np.float64(0.04), np.float64(0.18), np.float64(0.15), np.float64(0.31)]"
2021-06-11,-0.08000,0.03000,0.18000,0.15000,0.12000,0.10000,0.25000,0.06550,2.24696,"[np.float64(0.18), np.float64(0.15), np.float64(0.12), np.float64(0.1), np.float64(0.25)]"
2021-06-12,-0.06000,0.02000,0.67600,0.08800,0.00000,0.00000,0.23500,0.28689,1.18115,"[np.float64(0.676), np.float64(0.088), np.float64(0.0), np.float64(0.0), np.float64(0.235)]"
2021-06-13,-0.07100,-0.01100,0.42900,0.14300,0.28600,0.00000,0.28600,0.15469,1.90564,"[np.float64(0.429), np.float64(0.143), np.float64(0.286), np.float64(0.0), np.float64(0.286)]"
2021-06-14,-0.20000,-0.12900,0.12500,0.00000,0.37500,0.00000,0.12500,0.21826,1.37095,"[np.float64(0.125), np.float64(0.0), np.float64(0.375), np.float64(0.0), np.float64(0.125)]"
2021-06-15,-0.11000,0.09000,0.29000,0.10000,0.10000,0.11000,0.21000,0.39754,2.17180,"[np.float64(0.29), np.float64(0.1), np.float64(0.1), np.float64(0.11), np.float64(0.21)]"
2021-06-16,-0.05000,0.06000,0.25000,0.02500,0.15000,0.17500,0.27500,0.04777,2.08830,"[np.float64(0.25), np.float64(0.025), np.float64(0.15), np.float64(0.175), np.float64(0.275)]"
2021-06-17,-0.08000,-0.03000,0.20000,0.10000,0.10000,0.10000,0.30000,0.04403,2.15564,"[np.float64(0.2), np.float64(0.1), np.float64(0.1), np.float64(0.1), np.float64(0.3)]"
2021-06-18,-0.20000,-0.12000,0.32000,0.10000,0.13000,0.08000,0.26000,0.04078,2.12139,"[np.float64(0.32), np.float64(0.1), np.float64(0.13), np.float64(0.08), np.float64(0.26)]"
2021-06-19,0.01000,0.21000,0.31000,0.05000,0.15000,0.03000,0.38000,0.03361,1.87172,"[np.float64(0.31), np.float64(0.05), np.float64(0.15), np.float64(0.03), np.float64(0.38)]"
2021-06-20,0.10000,0.09000,0.20000,0.10000,0.10000,0.10000,0.10000,0.15746,2.25163,"[np.float64(0.2), np.float64(0.1), np.float64(0.1), np.float64(0.1), np.float64(0.1)]"
2021-06-21,-0.07000,-0.17000,0.26000,0.09000,0.08000,0.21000,0.21000,0.04902,2.18330,"[np.float64(0.26), np.float64(0.09), np.float64(0.08), np.float64(0.21), np.float64(0.21)]"
2021-06-22,-0.13000,-0.06000,0.25000,0.08000,0.21000,0.15000,0.23000,0.05762,2.23030,"[np.float64(0.25), np.float64(0.08), np.float64(0.21), np.float64(0.15), np.float64(0.23)]"
2021-06-23,-0.05000,0.08000,0.15000,0.05000,0.10000,0.20000,0.25000,0.06804,2.14926,"[np.float64(0.15), np.float64(0.05), np.float64(0.1), np.float64(0.2), np.float64(0.25)]"
2021-06-24,-0.18000,-0.13000,0.37000,0.02000,0.24000,0.15000,0.59000,0.07477,1.91213,"[np.float64(0.37), np.float64(0.02), np.float64(0.24), np.float64(0.15), np.float64(0.59)]"
2021-06-25,-0.17000,0.01000,0.41000,0.18000,0.21000,0.23000,0.48000,0.04205,2.21140,"[np.float64(0.41), np.float64(0.18), np.float64(0.21), np.float64(0.23), np.float64(0.48)]"
2021-06-26,-0.10000,0.07000,0.30000,0.20000,0.20000,0.10000,0.20000,0.06101,2.24644,"[np.float64(0.3), np.float64(0.2), np.float64(0.2), np.float64(0.1), np.float64(0.2)]"
2021-06-27,-0.13000,-0.03000,0.49000,0.11000,0.00000,0.08000,0.39000,0.15167,1.66385,"[np.float64(0.49), np.float64(0.11), np.float64(0.0), np.float64(0.08), np.float64(0.39)]"
2021-06-28,-0.04000,0.09000,0.45000,0.13000,0.18000,0.12000,0.32000,0.05110,2.12925,"[np.float64(0.45), np.float64(0.13), np.float64(0.18), np.float64(0.12), np.float64(0.32)]"
2021-06-29,-0.08000,-0.04000,0.29000,0.06000,0.06000,0.06000,0.23000,0.01503,1.96567,"[np.float64(0.29), np.float64(0.06), np.float64(0.06), np.float64(0.06), np.float64(0.23)]"
2021-06-30,-0.04000,0.04000,0.34000,0.26000,0.06000,0.12000,0.35000,0.06049,2.10125,"[np.float64(0.34), np.float64(0.26), np.float64(0.06), np.float64(0.12), np.float64(0.35)]"
2021-07-01,0.07000,0.11000,0.45000,0.05000,0.15000,0.20000,0.30000,0.10636,2.05426,"[np.float64(0.45), np.float64(0.05), np.float64(0.15), np.float64(0.2), np.float64(0.3)]"
2021-07-02,-0.02000,-0.09000,0.25000,0.04000,0.10000,0.15000,0.46000,0.10374,1.94383,"[np.float64(0.25), np.float64(0.04), np.float64(0.1), np.float64(0.15), np.float64(0.46)]"
2021-07-03,-0.07000,-0.05000,0.21000,0.00000,0.37000,0.00000,0.42000,0.14821,1.52920,"[np.float64(0.21), np.float64(0.0), np.float64(0.37), np.float64(0.0), np.float64(0.42)]"
2021-07-04,-0.05000,0.02000,0.25000,0.00000,0.13000,0.13000,0.42000,0.11272,1.82104,"[np.float64(0.25), np.float64(0.0), np.float64(0.13), np.float64(0.13), np.float64(0.42)]"
2021-07-05,-0.08000,-0.03000,0.21000,0.08000,0.12000,0.12000,0.38000,0.01493,2.09352,"[np.float64(0.21), np.float64(0.08), np.float64(0.12), np.float64(0.12), np.float64(0.38)]"
2021-07-06,-0.15000,-0.07000,0.37000,0.07000,0.11000,0.09000,0.22000,0.12007,2.04148,"[np.float64(0.37), np.float64(0.07), np.float64(0.11), np.float64(0.09), np.float64(0.22)]"
2021-07-07,-0.17000,-0.02000,0.42000,0.06000,0.15000,0.11000,0.35000,0.01246,2.01434,"[np.float64(0.42), np.float64(0.06), np.float64(0.15), np.float64(0.11), np.float64(0.35)]"
2021-07-08,-0.08000,0.09000,0.18000,0.02000,0.06000,0.08000,0.23000,0.02512,1.96253,"[np.float64(0.18), np.float64(0.02), np.float64(0.06), np.float64(0.08), np.float64(0.23)]"
2021-07-09,-0.16000,-0.08000,0.17000,0.02000,0.23000,0.11000,0.40000,0.06668,1.95357,"[np.float64(0.17), np.float64(0.02), np.float64(0.23), np.float64(0.11), np.float64(0.4)]"
2021-07-10,-0.07000,0.09000,0.33000,0.08000,0.11000,0.00000,0.39000,0.10353,1.73143,"[np.float64(0.33), np.float64(0.08), np.float64(0.11), np.float64(0.0), np.float64(0.39)]"
2021-07-11,-0.20000,-0.13000,0.20000,0.00000,0.00000,0.20000,0.20000,0.21371,1.58496,"[np.float64(0.2), np.float64(0.0), np.float64(0.0), np.float64(0.2), np.float64(0.2)]"
2021-07-12,-0.11000,0.09000,0.26000,0.00000,0.14000,0.14000,0.30000,0.08899,1.91584,"[np.float64(0.26), np.float64(0.0), np.float64(0.14), np.float64(0.14), np.float64(0.3)]"
2021-07-13,-0.08000,0.03000,0.25000,0.05000,0.35000,0.35000,0.30000,0.09827,2.14573,"[np.float64(0.25), np.float64(0.05), np.float64(0.35), np.float64(0.35), np.float64(0.3)]"
2021-07-14,-0.05000,0.03000,0.35000,0.10000,0.25000,0.25000,0.40000,0.05177,2.20412,"[np.float64(0.35), np.float64(0.1), np.float64(0.25), np.float64(0.25), np.float64(0.4)]"
2021-07-15,-0.11000,-0.06000,0.20000,0.09000,0.07000,0.05000,0.30000,0.07087,2.01685,"[np.float64(0.2), np.float64(0.09), np.float64(0.07), np.float64(0.05), np.float64(0.3)]"
2021-07-16,-0.12000,-0.01000,0.45000,0.15000,0.35000,0.25000,0.40000,0.09544,2.23296,"[np.float64(0.45), np.float64(0.15), np.float64(0.35), np.float64(0.25), np.float64(0.4)]"
2021-07-17,-0.10000,0.02000,0.20000,0.10000,0.10000,0.10000,0.40000,0.10240,2.05881,"[np.float64(0.2), np.float64(0.1), np.float64(0.1), np.float64(0.1), np.float64(0.4)]"
2021-07-18,-0.09000,0.01000,0.40000,0.15000,0.05000,0.19000,0.15000,0.24378,2.06093,"[np.float64(0.4), np.float64(0.15), np.float64(0.05), np.float64(0.19), np.float64(0.15)]"
2021-07-19,-0.05000,0.04000,0.45000,0.10000,0.25000,0.30000,0.30000,0.07036,2.19455,"[np.float64(0.45), np.float64(0.1), np.float64(0.25), np.float64(0.3), np.float64(0.3)]"
2021-07-20,-0.08000,-0.03000,0.30000,0.25000,0.25000,0.25000,0.35000,0.05653,2.30771,"[np.float64(0.3), np.float64(0.25), np.float64(0.25), np.float64(0.25), np.float64(0.35)]"
2021-07-21,-0.15000,-0.07000,0.26000,0.11000,0.16000,0.08000,0.47000,0.09526,2.03886,"[np.float64(0.26), np.float64(0.11), np.float64(0.16), np.float64(0.08), np.float64(0.47)]"
2021-07-22,-0.12000,0.03000,0.35000,0.15000,0.32000,0.28000,0.41000,0.07773,2.25566,"[np.float64(0.35), np.float64(0.15), np.float64(0.32), np.float64(0.28), np.float64(0.41)]"
2021-07-23,-0.08000,0.04000,0.28000,0.21000,0.25000,0.18000,0.32000,0.01592,2.29291,"[np.float64(0.28), np.float64(0.21), np.float64(0.25), np.float64(0.18), np.float64(0.32)]"
2021-07-24,-0.15000,-0.07000,0.22000,0.11000,0.28000,0.22000,0.17000,0.05418,2.26024,"[np.float64(0.22), np.float64(0.11), np.float64(0.28), np.float64(0.22), np.float64(0.17)]"
2021-07-25,-0.12000,0.03000,0.27000,0.18000,0.35000,0.32000,0.23000,0.00381,2.28417,"[np.float64(0.27), np.float64(0.18), np.float64(0.35), np.float64(0.32), np.float64(0.23)]"
2021-07-26,-0.08000,0.04000,0.15000,0.11000,0.22000,0.18000,0.20000,0.01269,2.28369,"[np.float64(0.15), np.float64(0.11), np.float64(0.22), np.float64(0.18), np.float64(0.2)]"
2021-07-27,-0.12000,-0.04000,0.31000,0.02000,0.14000,0.11000,0.55000,0.19099,1.82096,"[np.float64(0.31), np.float64(0.02), np.float64(0.14), np.float64(0.11), np.float64(0.55)]"
2021-07-28,-0.09000,0.03000,0.45000,0.12000,0.28000,0.21000,0.33000,0.12224,2.20194,"[np.float64(0.45), np.float64(0.12), np.float64(0.28), np.float64(0.21), np.float64(0.33)]"
2021-07-29,-0.08000,0.01000,0.12000,0.10000,0.16000,0.04000,0.28000,0.12348,2.08864,"[np.float64(0.12), np.float64(0.1), np.float64(0.16), np.float64(0.04), np.float64(0.28)]"
2021-07-30,-0.20000,-0.12000,0.23000,0.10000,0.15000,0.10000,0.31000,0.03411,2.17614,"[np.float64(0.23), np.float64(0.1), np.float64(0.15), np.float64(0.1), np.float64(0.31)]"
2021-07-31,-0.09000,0.11000,0.27000,0.18000,0.25000,0.15000,0.20000,0.07336,2.28968,"[np.float64(0.27), np.float64(0.18), np.float64(0.25), np.float64(0.15), np.float64(0.2)]"
2021-08-01,-0.10000,-0.01000,0.30000,0.10000,0.10000,0.00000,0.50000,0.22205,1.68548,"[np.float64(0.3), np.float64(0.1), np.float64(0.1), np.float64(0.0), np.float64(0.5)]"
2021-08-02,-0.20000,-0.10000,0.46000,0.08000,0.22000,0.26000,0.39000,0.13225,2.14286,"[np.float64(0.46), np.float64(0.08), np.float64(0.22), np.float64(0.26), np.float64(0.39)]"
2021-08-03,-0.12000,0.08000,0.45000,0.12000,0.18000,0.21000,0.48000,0.01308,2.13153,"[np.float64(0.45), np.float64(0.12), np.float64(0.18), np.float64(0.21), np.float64(0.48)]"
2021-08-04,-0.18000,-0.06000,0.38000,0.06000,0.14000,0.29000,0.41000,0.01669,2.08769,"[np.float64(0.38), np.float64(0.06), np.float64(0.14), np.float64(0.29), np.float64(0.41)]"
2021-08-05,-0.16000,0.02000,0.18000,0.01000,0.12000,0.11000,0.49000,0.10088,1.76875,"[np.float64(0.18), np.float64(0.01), np.float64(0.12), np.float64(0.11), np.float64(0.49)]"
2021-08-06,-0.17000,-0.01000,0.32000,0.15000,0.31000,0.42000,0.45000,0.14304,2.24030,"[np.float64(0.32), np.float64(0.15), np.float64(0.31), np.float64(0.42), np.float64(0.45)]"
2021-08-07,-0.05000,0.12000,0.05000,0.00000,0.05000,0.05000,0.10000,0.04842,1.92193,"[np.float64(0.05), np.float64(0.0), np.float64(0.05), np.float64(0.05), np.float64(0.1)]"
2021-08-08,-0.16000,-0.11000,0.12000,0.04000,0.17000,0.20000,0.42000,0.01659,2.00752,"[np.float64(0.12), np.float64(0.04), np.float64(0.17), np.float64(0.2), np.float64(0.42)]"
2021-08-09,-0.13000,0.03000,0.15000,0.03000,0.25000,0.21000,0.22000,0.09174,2.12626,"[np.float64(0.15), np.float64(0.03), np.float64(0.25), np.float64(0.21), np.float64(0.22)]"
2021-08-10,-0.08000,0.05000,0.12000,0.04000,0.17000,0.14000,0.28000,0.04363,2.11661,"[np.float64(0.12), np.float64(0.04), np.float64(0.17), np.float64(0.14), np.float64(0.28)]"
2021-08-11,-0.23000,-0.15000,0.33000,0.12000,0.25000,0.20000,0.46000,0.02523,2.18964,"[np.float64(0.33), np.float64(0.12), np.float64(0.25), np.float64(0.2), np.float64(0.46)]"
2021-08-12,-0.13000,0.10000,0.32000,0.06000,0.25000,0.18000,0.38000,0.00651,2.13779,"[np.float64(0.32), np.float64(0.06), np.float64(0.25), np.float64(0.18), np.float64(0.38)]"
2021-08-13,0.05000,0.18000,0.18000,0.04000,0.08000,0.28000,0.42000,0.09167,1.96244,"[np.float64(0.18), np.float64(0.04), np.float64(0.08), np.float64(0.28), np.float64(0.42)]"
2021-08-14,0.19000,0.14000,0.46000,0.13000,0.11000,0.26000,0.21000,0.20059,2.12940,"[np.float64(0.46), np.float64(0.13), np.float64(0.11), np.float64(0.26), np.float64(0.21)]"
2021-08-15,0.03000,-0.16000,0.44000,0.06000,0.00000,0.11000,0.39000,0.10123,1.64476,"[np.float64(0.44), np.float64(0.06), np.float64(0.0), np.float64(0.11), np.float64(0.39)]"
2021-08-16,-0.05000,-0.08000,0.21000,0.05000,0.18000,0.14000,0.24000,0.13971,2.18378,"[np.float64(0.21), np.float64(0.05), np.float64(0.18), np.float64(0.14), np.float64(0.24)]"
2021-08-17,0.02000,0.07000,0.29000,0.01000,0.19000,0.10000,0.28000,0.02078,1.96688,"[np.float64(0.29), np.float64(0.01), np.float64(0.19), np.float64(0.1), np.float64(0.28)]"
2021-08-18,-0.08000,-0.10000,0.32000,0.06000,0.31000,0.15000,0.25000,0.03056,2.14626,"[np.float64(0.32), np.float64(0.06), np.float64(0.31), np.float64(0.15), np.float64(0.25)]"
2021-08-19,-0.05000,0.03000,0.15000,0.02000,0.10000,0.20000,0.28000,0.13539,2.03059,"[np.float64(0.15), np.float64(0.02), np.float64(0.1), np.float64(0.2), np.float64(0.28)]"
2021-08-20,-0.20000,-0.15000,0.15000,0.02000,0.33000,0.25000,0.28000,0.09267,2.04795,"[np.float64(0.15), np.float64(0.02), np.float64(0.33), np.float64(0.25), np.float64(0.28)]"
2021-08-21,-0.10000,0.10000,0.15000,0.05000,0.25000,0.25000,0.30000,0.01301,2.14773,"[np.float64(0.15), np.float64(0.05), np.float64(0.25), np.float64(0.25), np.float64(0.3)]"
2021-08-22,-0.10000,0.00000,0.25000,0.05000,0.25000,0.25000,0.20000,0.04234,2.18048,"[np.float64(0.25), np.float64(0.05), np.float64(0.25), np.float64(0.25), np.float64(0.2)]"
2021-08-23,0.10000,0.20000,0.31000,0.08000,0.13000,0.10000,0.18000,0.09284,2.14738,"[np.float64(0.31), np.float64(0.08), np.float64(0.13), np.float64(0.1), np.float64(0.18)]"
2021-08-24,-0.03000,-0.13000,0.33000,0.06000,0.22000,0.18000,0.29000,0.02812,2.16209,"[np.float64(0.33), np.float64(0.06), np.float64(0.22), np.float64(0.18), np.float64(0.29)]"
2021-08-25,-0.08000,-0.05000,0.23000,0.06000,0.25000,0.18000,0.28000,0.01735,2.19073,"[np.float64(0.23), np.float64(0.06), np.float64(0.25), np.float64(0.18), np.float64(0.28)]"
2021-08-26,-0.12000,-0.04000,0.34000,0.08000,0.23000,0.04000,0.31000,0.06307,2.01790,"[np.float64(0.34), np.float64(0.08), np.float64(0.23), np.float64(0.04), np.float64(0.31)]"
2021-08-27,-0.09000,0.03000,0.25000,0.08000,0.28000,0.19000,0.33000,0.05873,2.20179,"[np.float64(0.25), np.float64(0.08), np.float64(0.28), np.float64(0.19), np.float64(0.33)]"
2021-08-28,-0.10000,-0.01000,0.25000,0.08000,0.19000,0.19000,0.29000,0.01039,2.21987,"[np.float64(0.25), np.float64(0.08), np.float64(0.19), np.float64(0.19), np.float64(0.29)]"
2021-08-29,-0.23000,-0.13000,0.35000,0.08000,0.25000,0.00000,0.47000,0.08865,1.79604,"[np.float64(0.35), np.float64(0.08), np.float64(0.25), np.float64(0.0), np.float64(0.47)]"
2021-08-30,-0.11000,0.12000,0.31000,0.07000,0.21000,0.23000,0.41000,0.07519,2.15250,"[np.float64(0.31), np.float64(0.07), np.float64(0.21), np.float64(0.23), np.float64(0.41)]"
2021-08-31,-0.08000,0.03000,0.15000,0.00000,0.13000,0.18000,0.54000,0.07717,1.71854,"[np.float64(0.15), np.float64(0.0), np.float64(0.13), np.float64(0.18), np.float64(0.54)]"
2021-09-01,0.08200,0.16200,0.17200,0.01600,0.16400,0.14800,0.51600,0.00460,1.85409,"[np.float64(0.172), np.float64(0.016), np.float64(0.164), np.float64(0.148), np.float64(0.516)]"
2021-09-02,0.04100,-0.04100,0.32200,0.06100,0.22700,0.11500,0.27500,0.13624,2.12919,"[np.float64(0.322), np.float64(0.061), np.float64(0.227), np.float64(0.115), np.float64(0.275)]"
2021-09-03,0.02100,-0.02000,0.18600,0.06800,0.14300,0.21200,0.39100,0.09575,2.12046,"[np.float64(0.186), np.float64(0.068), np.float64(0.143), np.float64(0.212), np.float64(0.391)]"
2021-09-04,-0.02200,-0.04300,0.25000,0.00000,0.15000,0.11700,0.23900,0.07038,1.93273,"[np.float64(0.25), np.float64(0.0), np.float64(0.15), np.float64(0.117), np.float64(0.239)]"
2021-09-05,-0.20000,-0.17800,0.20000,0.00000,0.00000,0.00000,0.30000,0.14489,0.97095,"[np.float64(0.2), np.float64(0.0), np.float64(0.0), np.float64(0.0), np.float64(0.3)]"
2021-09-06,-0.05000,0.15000,0.14000,0.00000,0.06000,0.18000,0.24000,0.17566,1.85887,"[np.float64(0.14), np.float64(0.0), np.float64(0.06), np.float64(0.18), np.float64(0.24)]"
2021-09-07,-0.16000,-0.11000,0.20000,0.19000,0.13000,0.09000,0.28000,0.16378,2.22416,"[np.float64(0.2), np.float64(0.19), np.float64(0.13), np.float64(0.09), np.float64(0.28)]"
2021-09-08,-0.08000,0.08000,0.32000,0.07000,0.23000,0.13000,0.31000,0.07112,2.14887,"[np.float64(0.32), np.float64(0.07), np.float64(0.23), np.float64(0.13), np.float64(0.31)]"
2021-09-09,-0.05000,0.03000,0.10000,0.05000,0.15000,0.25000,0.25000,0.13906,2.12661,"[np.float64(0.1), np.float64(0.05), np.float64(0.15), np.float64(0.25), np.float64(0.25)]"
2021-09-10,-0.06000,-0.01000,0.21000,0.12000,0.30000,0.23000,0.14000,0.12520,2.24576,"[np.float64(0.21), np.float64(0.12), np.float64(0.3), np.float64(0.23), np.float64(0.14)]"
2021-09-11,-0.08000,-0.02000,0.20000,0.02000,0.35000,0.25000,0.18000,0.02762,2.05267,"[np.float64(0.2), np.float64(0.02), np.float64(0.35), np.float64(0.25), np.float64(0.18)]"
2021-09-12,-0.10000,-0.02000,0.00000,0.17000,0.33000,0.00000,0.17000,0.27884,1.50730,"[np.float64(0.0), np.float64(0.17), np.float64(0.33), np.float64(0.0), np.float64(0.17)]"
2021-09-13,-0.11000,-0.01000,0.30000,0.09000,0.07000,0.16000,0.63000,0.50840,1.87813,"[np.float64(0.3), np.float64(0.09), np.float64(0.07), np.float64(0.16), np.float64(0.63)]"
2021-09-14,0.03000,0.14000,0.45000,0.10000,0.33000,0.41000,0.48000,0.13001,2.18763,"[np.float64(0.45), np.float64(0.1), np.float64(0.33), np.float64(0.41), np.float64(0.48)]"
2021-09-15,-0.05000,-0.08000,0.12000,0.06000,0.15000,0.45000,0.22000,0.12754,2.02012,"[np.float64(0.12), np.float64(0.06), np.float64(0.15), np.float64(0.45), np.float64(0.22)]"
2021-09-16,-0.18000,-0.13000,0.50000,0.02000,0.35000,0.35000,0.51000,0.18287,2.04424,"[np.float64(0.5), np.float64(0.02), np.float64(0.35), np.float64(0.35), np.float64(0.51)]"
2021-09-17,0.03000,0.21000,0.35000,0.45000,0.25000,0.40000,0.38000,0.16280,2.29683,"[np.float64(0.35), np.float64(0.45), np.float64(0.25), np.float64(0.4), np.float64(0.38)]"
2021-09-18,-0.05000,-0.08000,0.30000,0.10000,0.10000,0.15000,0.40000,0.13975,2.09400,"[np.float64(0.3), np.float64(0.1), np.float64(0.1), np.float64(0.15), np.float64(0.4)]"
2021-09-19,-0.08000,-0.03000,0.21000,0.00000,0.18000,0.21000,0.23000,0.09222,1.99458,"[np.float64(0.21), np.float64(0.0), np.float64(0.18), np.float64(0.21), np.float64(0.23)]"
2021-09-20,-0.27000,-0.19000,0.25000,0.05000,0.35000,0.45000,0.30000,0.03321,2.11806,"[np.float64(0.25), np.float64(0.05), np.float64(0.35), np.float64(0.45), np.float64(0.3)]"
2021-09-21,-0.05000,0.22000,0.30000,0.15000,0.20000,0.25000,0.35000,0.08073,2.26282,"[np.float64(0.3), np.float64(0.15), np.float64(0.2), np.float64(0.25), np.float64(0.35)]"
2021-09-22,-0.12000,-0.07000,0.33000,0.11000,0.18000,0.14000,0.28000,0.02330,2.20538,"[np.float64(0.33), np.float64(0.11), np.float64(0.18), np.float64(0.14), np.float64(0.28)]"
2021-09-23,-0.08000,0.04000,0.31000,0.13000,0.22000,0.21000,0.36000,0.01326,2.24211,"[np.float64(0.31), np.float64(0.13), np.float64(0.22), np.float64(0.21), np.float64(0.36)]"
2021-09-24,-0.07000,0.01000,0.20000,0.11000,0.22000,0.17000,0.30000,0.01013,2.25092,"[np.float64(0.2), np.float64(0.11), np.float64(0.22), np.float64(0.17), np.float64(0.3)]"
2021-09-25,-0.35000,-0.28000,0.32000,0.02000,0.17000,0.22000,0.15000,0.11778,2.04809,"[np.float64(0.32), np.float64(0.02), np.float64(0.17), np.float64(0.22), np.float64(0.15)]"
2021-09-26,-0.15000,0.20000,0.23000,0.08000,0.23000,0.27000,0.28000,0.06644,2.22624,"[np.float64(0.23), np.float64(0.08), np.float64(0.23), np.float64(0.27), np.float64(0.28)]"
2021-09-27,-0.05000,0.10000,0.15000,0.05000,0.15000,0.25000,0.20000,0.01161,2.18004,"[np.float64(0.15), np.float64(0.05), np.float64(0.15), np.float64(0.25), np.float64(0.2)]"
2021-09-28,-0.07000,-0.02000,0.20000,0.04000,0.21000,0.31000,0.25000,0.00224,2.13986,"[np.float64(0.2), np.float64(0.04), np.float64(0.21), np.float64(0.31), np.float64(0.25)]"
2021-09-29,-0.09000,-0.02000,0.25000,0.08000,0.35000,0.30000,0.22000,0.03223,2.19909,"[np.float64(0.25), np.float64(0.08), np.float64(0.35), np.float64(0.3), np.float64(0.22)]"
2021-09-30,-0.05000,0.04000,0.15000,0.06000,0.18000,0.22000,0.39000,0.12032,2.10976,"[np.float64(0.15), np.float64(0.06), np.float64(0.18), np.float64(0.22), np.float64(0.39)]"
2021-10-01,-0.09000,-0.04000,0.25000,0.13000,0.21000,0.14000,0.17000,0.14623,2.27818,"[np.float64(0.25), np.float64(0.13), np.float64(0.21), np.float64(0.14), np.float64(0.17)]"
2021-10-02,-0.08000,0.01000,0.22000,0.01000,0.25000,0.18000,0.15000,0.05578,2.04521,"[np.float64(0.22), np.float64(0.01), np.float64(0.25), np.float64(0.18), np.float64(0.15)]"
2021-10-03,-0.11000,-0.03000,0.17000,0.00000,0.17000,0.33000,0.17000,0.08515,1.92892,"[np.float64(0.17), np.float64(0.0), np.float64(0.17), np.float64(0.33), np.float64(0.17)]"
2021-10-04,-0.10000,0.01000,0.28000,0.01000,0.12000,0.30000,0.19000,0.03706,1.98582,"[np.float64(0.28), np.float64(0.01), np.float64(0.12), np.float64(0.3), np.float64(0.19)]"
2021-10-05,0.09000,0.19000,0.25000,0.12000,0.23000,0.35000,0.23000,0.04267,2.24938,"[np.float64(0.25), np.float64(0.12), np.float64(0.23), np.float64(0.35), np.float64(0.23)]"
2021-10-06,-0.05000,-0.14000,0.24000,0.11000,0.18000,0.42000,0.29000,0.01312,2.19202,"[np.float64(0.24), np.float64(0.11), np.float64(0.18), np.float64(0.42), np.float64(0.29)]"
2021-10-07,0.05000,0.10000,0.46000,0.13000,0.15000,0.31000,0.32000,0.07188,2.17560,"[np.float64(0.46), np.float64(0.13), np.float64(0.15), np.float64(0.31), np.float64(0.32)]"
2021-10-08,0.03000,-0.02000,0.41000,0.22000,0.35000,0.38000,0.36000,0.04233,2.29353,"[np.float64(0.41), np.float64(0.22), np.float64(0.35), np.float64(0.38), np.float64(0.36)]"
2021-10-09,-0.08000,-0.11000,0.45000,0.10000,0.25000,0.55000,0.30000,0.04482,2.14432,"[np.float64(0.45), np.float64(0.1), np.float64(0.25), np.float64(0.55), np.float64(0.3)]"
2021-10-10,-0.17000,-0.09000,0.45000,0.10000,0.30000,0.30000,0.15000,0.05476,2.15030,"[np.float64(0.45), np.float64(0.1), np.float64(0.3), np.float64(0.3), np.float64(0.15)]"
2021-10-11,0.09000,0.26000,0.50000,0.25000,0.55000,0.65000,0.50000,0.06288,2.26353,"[np.float64(0.5), np.float64(0.25), np.float64(0.55), np.float64(0.65), np.float64(0.5)]"
2021-10-12,-0.08000,-0.17000,0.30000,0.15000,0.25000,0.45000,0.35000,0.01226,2.23839,"[np.float64(0.3), np.float64(0.15), np.float64(0.25), np.float64(0.45), np.float64(0.35)]"
2021-10-13,-0.19000,-0.11000,0.39000,0.06000,0.34000,0.35000,0.22000,0.05256,2.14447,"[np.float64(0.39), np.float64(0.06), np.float64(0.34), np.float64(0.35), np.float64(0.22)]"
2021-10-14,-0.07000,0.12000,0.35000,0.18000,0.42000,0.48000,0.31000,0.02416,2.25490,"[np.float64(0.35), np.float64(0.18), np.float64(0.42), np.float64(0.48), np.float64(0.31)]"
2021-10-15,-0.08000,-0.01000,0.20000,0.10000,0.24000,0.35000,0.21000,0.00659,2.22263,"[np.float64(0.2), np.float64(0.1), np.float64(0.24), np.float64(0.35), np.float64(0.21)]"
2021-10-16,-0.44000,-0.36000,0.26000,0.00000,0.29000,0.57000,0.10000,0.06344,1.77675,"[np.float64(0.26), np.float64(0.0), np.float64(0.29), np.float64(0.57), np.float64(0.1)]"
2021-10-17,0.13000,0.57000,0.10000,0.00000,0.20000,0.60000,0.10000,0.03556,1.57095,"[np.float64(0.1), np.float64(0.0), np.float64(0.2), np.float64(0.6), np.float64(0.1)]"
2021-10-18,-0.08000,-0.21000,0.20000,0.02000,0.20000,0.34000,0.24000,0.11754,2.06496,"[np.float64(0.2), np.float64(0.02), np.float64(0.2), np.float64(0.34), np.float64(0.24)]"
2021-10-19,,,,,,,,,,"[np.float64(nan), np.float64(nan), np.float64(nan), np.float64(nan), np.float64(nan)]"
2021-10-20,,,,,,,,,,"[np.float64(nan), np.float64(nan), np.float64(nan), np.float64(nan), np.float64(nan)]"
2021-10-21,-0.12000,,0.18000,0.12000,0.21000,0.28000,0.23000,,2.27081,"[np.float64(0.18), np.float64(0.12), np.float64(0.21), np.float64(0.28), np.float64(0.23)]"
2021-10-22,-0.10000,0.02000,0.41000,0.11000,0.18000,0.31000,0.33000,0.05619,2.19432,"[np.float64(0.41), np.float64(0.11), np.float64(0.18), np.float64(0.31), np.float64(0.33)]"
2021-10-23,-0.25000,-0.15000,0.10000,0.05000,0.45000,0.40000,0.20000,0.23733,1.97957,"[np.float64(0.1), np.float64(0.05), np.float64(0.45), np.float64(0.4), np.float64(0.2)]"
2021-10-24,-0.10000,0.15000,0.25000,0.00000,0.50000,0.50000,0.00000,0.06862,1.52193,"[np.float64(0.25), np.float64(0.0), np.float64(0.5), np.float64(0.5), np.float64(0.0)]"
2021-10-25,-0.22000,-0.12000,0.58000,0.06000,0.38000,0.30000,0.30000,0.20665,2.09845,"[np.float64(0.58), np.float64(0.06), np.float64(0.38), np.float64(0.3), np.float64(0.3)]"
2021-10-26,-0.03000,0.19000,0.35000,0.08000,0.42000,0.48000,0.45000,0.07700,2.16554,"[np.float64(0.35), np.float64(0.08), np.float64(0.42), np.float64(0.48), np.float64(0.45)]"
2021-10-27,-0.08000,-0.05000,0.22000,0.12000,0.22000,0.32000,0.28000,0.01223,2.25591,"[np.float64(0.22), np.float64(0.12), np.float64(0.22), np.float64(0.32), np.float64(0.28)]"
2021-10-28,-0.02000,0.06000,0.16000,0.00000,0.15000,0.22000,0.24000,0.02982,1.97133,"[np.float64(0.16), np.float64(0.0), np.float64(0.15), np.float64(0.22), np.float64(0.24)]"
2021-10-29,0.07000,0.09000,0.25000,0.12000,0.21000,0.25000,0.31000,0.03215,2.26244,"[np.float64(0.25), np.float64(0.12), np.float64(0.21), np.float64(0.25), np.float64(0.31)]"
2021-10-30,0.02000,-0.05000,0.10000,0.05000,0.10000,0.35000,0.15000,0.14052,2.01313,"[np.float64(0.1), np.float64(0.05), np.float64(0.1), np.float64(0.35), np.float64(0.15)]"
